size,d_mm,P_mm,d2_mm,l_mm,c_mm,i_mm,m_mm,s_mm,mass_kg_per_1000
M10x1,10,1,14,17,3,8,6,10,12
M12x1.5,12,1.5,17,21,3,12,6,13,20.3
M14x1.5,14,1.5,19,21,3,12,6,13,25
M16x1.5,16,1.5,21,21,3,12,6,17,35.2
M18x1.5,18,1.5,23,24,4,12,8,17,48.6
M20x1.5,20,1.5,25,26,4,14,8,19,64.5
M22x1.5,22,1.5,27,26,4,14,8,19,73.4
M24x1.5,24,1.5,29,27,4,14,9,22,93.5
M30x1.5,30,1.5,36,30,4,16,10,24,148
M38x1.5,38,1.5,44,32,5,16,11,27,238
M42x1.5,42,1.5,49,33,5,16,12,30,300
M45x1.5,45,1.5,52,33,5,16,12,30,340
M48x1.5,48,1.5,55,33,5,16,12,30,375
