size,Tn_a_Nm,Tn_b_Nm,n_max_rpm,d_min_mm,d_max_mm,d_series,L_mm,L0_mm,D_mm,mass_kg,J_kgm2,src_url
LM1,25,45,15300,12,25,"12,14:Y32/J27; 16,18,19:Y42/J30; 20,22,24:Y52/J38; 25:Y62/J44",35,86,50,0.66,0.0002,https://www.jlc-jdgf.com/mcbook/06133-2.htm ; https://www.mechtool.cn/shaftsandcouplings/shaftsandcouplings_plumblossomelasticcoupling.html
LM2,50,100,12000,16,30,"16,18,19:Y42/J30; 20,22,24:Y52/J38; 25,28:Y62/J44; 30:Y82/J60",38,95,60,0.93,0.0004,https://www.jlc-jdgf.com/mcbook/06133-2.htm ; https://www.mechtool.cn/shaftsandcouplings/shaftsandcouplings_plumblossomelasticcoupling.html
LM3,100,200,10900,20,32,"20,22,24:Y52/J38; 25,28:Y62/J44; 30,32:Y82/J60",40,103,70,1.41,0.0009,https://www.jlc-jdgf.com/mcbook/06133-2.htm ; https://www.mechtool.cn/shaftsandcouplings/shaftsandcouplings_plumblossomelasticcoupling.html
LM4,140,280,9000,22,40,"22,24:Y52/J38; 25,28:Y62/J44; 30,32,35,38:Y82/J60; 40:Y112/J84",45,114,85,2.18,0.002,https://www.jlc-jdgf.com/mcbook/06133-2.htm ; https://www.mechtool.cn/shaftsandcouplings/shaftsandcouplings_plumblossomelasticcoupling.html
LM5,350,400,7300,25,45,"25,28:Y62/J44; 30,32,35,38:Y82/J60; 40,42,45:Y112/J84",50,127,105,3.6,0.005,https://www.jlc-jdgf.com/mcbook/06133-2.htm ; https://www.mechtool.cn/shaftsandcouplings/shaftsandcouplings_plumblossomelasticcoupling.html
LM6,400,710,6100,30,48,"30,32,35,38:Y82/J60; 40,42,45,48:Y112/J84",55,143,125,6.07,0.0114,https://www.jlc-jdgf.com/mcbook/06133-2.htm ; https://www.mechtool.cn/shaftsandcouplings/shaftsandcouplings_plumblossomelasticcoupling.html
LM7,630,1120,5300,35,55,"35*,38*:Y82/J60; 40*,42*,45,48,50,55:Y112/J84",60,159,145,9.09,0.0232,https://www.jlc-jdgf.com/mcbook/06133-2.htm ; https://www.mechtool.cn/shaftsandcouplings/shaftsandcouplings_plumblossomelasticcoupling.html
LM8,1120,2240,4500,45,65,"45*,48*,50,55,56:(原表长度格缺); 60,63,65:Y142/J107",70,181,170,13.56,0.0468,https://www.jlc-jdgf.com/mcbook/06133-2.htm ; https://www.mechtool.cn/shaftsandcouplings/shaftsandcouplings_plumblossomelasticcoupling.html
LM9,1800,3550,3800,50,80,"50*,55*,56*:Y112/J84; 60,63,65,70,71,75:Y142/J107; 80:Y172/J132",80,208,200,21.4,0.1041,https://www.jlc-jdgf.com/mcbook/06133-2.htm ; https://www.mechtool.cn/shaftsandcouplings/shaftsandcouplings_plumblossomelasticcoupling.html
LM10,2800,5600,3300,60,100,"60*,63*,65*,70,71,75:Y142/J107; 80,85,90,95:Y172/J132; 100:Y212/J167",90,230,230,32.03,0.2105,https://www.jlc-jdgf.com/mcbook/06133-2.htm ; https://www.mechtool.cn/shaftsandcouplings/shaftsandcouplings_plumblossomelasticcoupling.html
LM11,4500,9000,2900,70,120,"70*,71*,75*:Y142/J107; 80*,85*,90,95:Y172/J132; 100,110,120:Y212/J167",100,260,260,49.52,0.4338,https://www.jlc-jdgf.com/mcbook/06133-2.htm ; https://www.mechtool.cn/shaftsandcouplings/shaftsandcouplings_plumblossomelasticcoupling.html
LM12,6300,12500,2500,80,130,"80*,85*,90*,95*:Y172/J132; 100,110,120,125:Y212/J167; 130:Y252/J202",115,297,300,73.45,0.8205,https://www.jlc-jdgf.com/mcbook/06133-2.htm ; https://www.mechtool.cn/shaftsandcouplings/shaftsandcouplings_plumblossomelasticcoupling.html
LM14,12500,25000,1900,100,160,"100*,110*,120*,125*:Y212/J167; 130*,140*,150:Y252/J202; 160:Y302/J242",135,333,400,127.59,2.499,https://www.jlc-jdgf.com/mcbook/06133-2.htm ; https://www.mechtool.cn/shaftsandcouplings/shaftsandcouplings_plumblossomelasticcoupling.html
