size,id_mm,w_mm,od_mm
005,2.57,1.78,6.13
006,2.9,1.78,6.46
007,3.68,1.78,7.24
008,4.47,1.78,8.03
009,5.28,1.78,8.84
010,6.07,1.78,9.63
011,7.65,1.78,11.21
012,9.25,1.78,12.81
013,10.82,1.78,14.38
014,12.42,1.78,15.98
015,14,1.78,17.56
016,15.6,1.78,19.16
017,17.17,1.78,20.73
018,18.77,1.78,22.33
019,20.35,1.78,23.91
020,21.95,1.78,25.51
021,23.52,1.78,27.08
022,25.12,1.78,28.68
023,26.7,1.78,30.26
024,28.3,1.78,31.86
025,29.87,1.78,33.43
026,31.47,1.78,35.03
027,33.05,1.78,36.61
028,34.65,1.78,38.21
029,37.82,1.78,41.38
030,41,1.78,44.56
031,44.17,1.78,47.73
032,47.35,1.78,50.91
033,50.52,1.78,54.08
034,53.7,1.78,57.26
035,56.87,1.78,60.43
036,60.05,1.78,63.61
037,63.22,1.78,66.78
038,66.4,1.78,69.96
039,69.57,1.78,73.13
040,72.75,1.78,76.31
041,75.92,1.78,79.48
042,82.27,1.78,85.83
043,88.62,1.78,92.18
044,94.97,1.78,98.53
045,101.32,1.78,104.88
046,107.67,1.78,111.23
047,114.02,1.78,117.58
103,2.06,2.62,7.3
104,2.84,2.62,8.08
105,3.63,2.62,8.87
106,4.42,2.62,9.66
107,5.23,2.62,10.47
108,6.02,2.62,11.26
109,7.59,2.62,12.83
110,9.19,2.62,14.43
111,10.77,2.62,16.01
112,12.37,2.62,17.61
113,13.94,2.62,19.18
114,15.54,2.62,20.78
115,17.12,2.62,22.36
116,18.72,2.62,23.96
117,20.29,2.62,25.53
118,21.89,2.62,27.13
119,23.47,2.62,28.71
120,25.07,2.62,30.31
121,26.64,2.62,31.88
122,28.24,2.62,33.48
123,29.82,2.62,35.06
124,31.42,2.62,36.66
125,32.99,2.62,38.23
126,34.59,2.62,39.83
127,36.17,2.62,41.41
128,37.77,2.62,43.01
129,39.34,2.62,44.58
130,40.94,2.62,46.18
131,42.52,2.62,47.76
132,44.12,2.62,49.36
133,45.69,2.62,50.93
134,47.29,2.62,52.53
135,48.9,2.62,54.14
136,50.47,2.62,55.71
137,52.07,2.62,57.31
138,53.64,2.62,58.88
139,55.25,2.62,60.49
140,56.82,2.62,62.06
141,58.42,2.62,63.66
142,59.99,2.62,65.23
143,61.6,2.62,66.84
144,63.17,2.62,68.41
145,64.77,2.62,70.01
146,66.34,2.62,71.58
147,67.95,2.62,73.19
148,69.52,2.62,74.76
149,71.12,2.62,76.36
150,72.69,2.62,77.93
151,75.87,2.62,81.11
152,82.22,2.62,87.46
153,88.57,2.62,93.81
154,94.92,2.62,100.16
155,101.27,2.62,106.51
156,107.62,2.62,112.86
157,113.97,2.62,119.21
201,4.34,3.53,11.4
202,5.94,3.53,13
203,7.52,3.53,14.58
204,9.12,3.53,16.18
205,10.69,3.53,17.75
206,12.29,3.53,19.35
207,13.87,3.53,20.93
208,15.47,3.53,22.53
209,17.04,3.53,24.1
210,18.64,3.53,25.7
211,20.22,3.53,27.28
212,21.82,3.53,28.88
213,23.39,3.53,30.45
214,24.99,3.53,32.05
215,26.57,3.53,33.63
216,28.17,3.53,35.23
217,29.74,3.53,36.8
218,31.34,3.53,38.4
219,32.92,3.53,39.98
220,34.52,3.53,41.58
221,36.09,3.53,43.15
222,37.69,3.53,44.75
223,40.87,3.53,47.93
224,44.04,3.53,51.1
225,47.22,3.53,54.28
226,50.39,3.53,57.45
227,53.57,3.53,60.63
228,56.74,3.53,63.8
229,59.92,3.53,66.98
230,63.09,3.53,70.15
231,66.27,3.53,73.33
232,69.44,3.53,76.5
233,72.62,3.53,79.68
234,75.79,3.53,82.85
235,78.97,3.53,86.03
236,82.14,3.53,89.2
237,85.32,3.53,92.38
238,88.49,3.53,95.55
239,91.67,3.53,98.73
240,94.84,3.53,101.9
241,98.02,3.53,105.08
242,101.19,3.53,108.25
243,104.37,3.53,111.43
244,107.54,3.53,114.6
245,110.72,3.53,117.78
246,113.89,3.53,120.95
247,117.07,3.53,124.13
309,10.46,5.33,21.12
310,12.07,5.33,22.73
311,13.64,5.33,24.3
312,15.24,5.33,25.9
313,16.81,5.33,27.47
314,18.42,5.33,29.08
315,19.99,5.33,30.65
316,21.59,5.33,32.25
317,23.16,5.33,33.82
318,24.77,5.33,35.43
319,26.34,5.33,37
320,27.94,5.33,38.6
321,29.51,5.33,40.17
322,31.12,5.33,41.78
323,32.69,5.33,43.35
324,34.29,5.33,44.95
325,37.47,5.33,48.13
326,40.64,5.33,51.3
327,43.82,5.33,54.48
328,46.99,5.33,57.65
329,50.17,5.33,60.83
330,53.34,5.33,64
331,56.52,5.33,67.18
332,59.69,5.33,70.35
333,62.87,5.33,73.53
334,66.04,5.33,76.7
335,69.22,5.33,79.88
336,72.39,5.33,83.05
337,75.57,5.33,86.23
338,78.74,5.33,89.4
339,81.92,5.33,92.58
340,85.09,5.33,95.75
341,88.27,5.33,98.93
342,91.44,5.33,102.1
343,94.62,5.33,105.28
344,97.79,5.33,108.45
345,100.97,5.33,111.63
346,104.14,5.33,114.8
347,107.32,5.33,117.98
348,110.49,5.33,121.15
349,113.67,5.33,124.33
350,116.84,5.33,127.5
425,113.67,6.99,127.65
426,116.84,6.99,130.82
