size,d_mm,d_min_mm,d_max_mm,s_mm,H_min_mm,H_max_mm,m_max_mm
2,2,2.1,2.35,0.5,1,1.25,0.25
2.5,2.5,2.6,2.85,0.65,1.3,1.63,0.33
3,3,3.1,3.4,0.8,1.6,2,0.4
4,4,4.1,4.4,1.1,2.2,2.75,0.55
5,5,5.1,5.4,1.3,2.6,3.25,0.65
6,6,6.1,6.68,1.6,3.2,4,0.8
8,8,8.1,8.68,2.1,4.2,5.25,1.05
10,10,10.2,10.9,2.6,5.2,6.5,1.3
12,12,12.2,12.9,3.1,6.2,7.75,1.55
14,14,14.2,14.9,3.6,7.2,9,1.8
16,16,16.2,16.9,4.1,8.2,10.25,2.05
18,18,18.2,19.04,4.5,9,11.25,2.25
20,20,20.2,21.04,5,10,12.5,2.5
22,22,22.5,23.34,5.5,11,13.75,2.75
24,24,24.5,25.5,6,12,15,3
27,27,27.5,28.5,6.8,13.6,17,3.4
30,30,30.5,31.5,7.5,15,18.75,3.75
33,33,33.5,34.7,8.5,17,21.25,4.25
36,36,36.5,37.7,9,18,22.5,4.5
39,39,39.5,40.7,10,20,25,5
42,42,42.5,43.7,10.5,21,26.25,5.25
45,45,45.5,46.7,11,22,27.5,5.5
48,48,48.5,49.7,12,24,30,6
