size,d_mm,P_mm,l_mm,dk_mm,k_mm,s_mm,t_mm
M3x5,3,0.5,5,5.68,3,2.5,1.3
M3x6,3,0.5,6,5.68,3,2.5,1.3
M3x8,3,0.5,8,5.68,3,2.5,1.3
M3x10,3,0.5,10,5.68,3,2.5,1.3
M3x12,3,0.5,12,5.68,3,2.5,1.3
M3x16,3,0.5,16,5.68,3,2.5,1.3
M3x20,3,0.5,20,5.68,3,2.5,1.3
M3x25,3,0.5,25,5.68,3,2.5,1.3
M3x30,3,0.5,30,5.68,3,2.5,1.3
M4x6,4,0.7,6,7.22,4,3,2
M4x8,4,0.7,8,7.22,4,3,2
M4x10,4,0.7,10,7.22,4,3,2
M4x12,4,0.7,12,7.22,4,3,2
M4x16,4,0.7,16,7.22,4,3,2
M4x20,4,0.7,20,7.22,4,3,2
M4x25,4,0.7,25,7.22,4,3,2
M4x30,4,0.7,30,7.22,4,3,2
M4x35,4,0.7,35,7.22,4,3,2
M4x40,4,0.7,40,7.22,4,3,2
M5x8,5,0.8,8,8.72,5,4,2.5
M5x10,5,0.8,10,8.72,5,4,2.5
M5x12,5,0.8,12,8.72,5,4,2.5
M5x16,5,0.8,16,8.72,5,4,2.5
M5x20,5,0.8,20,8.72,5,4,2.5
M5x25,5,0.8,25,8.72,5,4,2.5
M5x30,5,0.8,30,8.72,5,4,2.5
M5x35,5,0.8,35,8.72,5,4,2.5
M5x40,5,0.8,40,8.72,5,4,2.5
M5x45,5,0.8,45,8.72,5,4,2.5
M5x50,5,0.8,50,8.72,5,4,2.5
M6x8,6,1,8,10.22,6,5,3
M6x10,6,1,10,10.22,6,5,3
M6x12,6,1,12,10.22,6,5,3
M6x16,6,1,16,10.22,6,5,3
M6x20,6,1,20,10.22,6,5,3
M6x25,6,1,25,10.22,6,5,3
M6x30,6,1,30,10.22,6,5,3
M6x35,6,1,35,10.22,6,5,3
M6x40,6,1,40,10.22,6,5,3
M6x45,6,1,45,10.22,6,5,3
M6x50,6,1,50,10.22,6,5,3
M6x55,6,1,55,10.22,6,5,3
M6x60,6,1,60,10.22,6,5,3
M8x10,8,1.25,10,13.27,8,6,4
M8x12,8,1.25,12,13.27,8,6,4
M8x16,8,1.25,16,13.27,8,6,4
M8x20,8,1.25,20,13.27,8,6,4
M8x25,8,1.25,25,13.27,8,6,4
M8x30,8,1.25,30,13.27,8,6,4
M8x35,8,1.25,35,13.27,8,6,4
M8x40,8,1.25,40,13.27,8,6,4
M8x45,8,1.25,45,13.27,8,6,4
M8x50,8,1.25,50,13.27,8,6,4
M8x55,8,1.25,55,13.27,8,6,4
M8x60,8,1.25,60,13.27,8,6,4
M8x65,8,1.25,65,13.27,8,6,4
M8x70,8,1.25,70,13.27,8,6,4
M8x80,8,1.25,80,13.27,8,6,4
M10x16,10,1.5,16,16.27,10,8,5
M10x20,10,1.5,20,16.27,10,8,5
M10x25,10,1.5,25,16.27,10,8,5
M10x30,10,1.5,30,16.27,10,8,5
M10x35,10,1.5,35,16.27,10,8,5
M10x40,10,1.5,40,16.27,10,8,5
M10x45,10,1.5,45,16.27,10,8,5
M10x50,10,1.5,50,16.27,10,8,5
M10x55,10,1.5,55,16.27,10,8,5
M10x60,10,1.5,60,16.27,10,8,5
M10x65,10,1.5,65,16.27,10,8,5
M10x70,10,1.5,70,16.27,10,8,5
M10x80,10,1.5,80,16.27,10,8,5
M10x90,10,1.5,90,16.27,10,8,5
M10x100,10,1.5,100,16.27,10,8,5
M12x20,12,1.75,20,18.27,12,10,6
M12x25,12,1.75,25,18.27,12,10,6
M12x30,12,1.75,30,18.27,12,10,6
M12x35,12,1.75,35,18.27,12,10,6
M12x40,12,1.75,40,18.27,12,10,6
M12x45,12,1.75,45,18.27,12,10,6
M12x50,12,1.75,50,18.27,12,10,6
M12x55,12,1.75,55,18.27,12,10,6
M12x60,12,1.75,60,18.27,12,10,6
M12x65,12,1.75,65,18.27,12,10,6
M12x70,12,1.75,70,18.27,12,10,6
M12x80,12,1.75,80,18.27,12,10,6
M12x90,12,1.75,90,18.27,12,10,6
M12x100,12,1.75,100,18.27,12,10,6
M12x110,12,1.75,110,18.27,12,10,6
M12x120,12,1.75,120,18.27,12,10,6
M16x25,16,2,25,24.33,16,14,8
M16x30,16,2,30,24.33,16,14,8
M16x35,16,2,35,24.33,16,14,8
M16x40,16,2,40,24.33,16,14,8
M16x45,16,2,45,24.33,16,14,8
M16x50,16,2,50,24.33,16,14,8
M16x55,16,2,55,24.33,16,14,8
M16x60,16,2,60,24.33,16,14,8
M16x65,16,2,65,24.33,16,14,8
M16x70,16,2,70,24.33,16,14,8
M16x80,16,2,80,24.33,16,14,8
M16x90,16,2,90,24.33,16,14,8
M16x100,16,2,100,24.33,16,14,8
M16x110,16,2,110,24.33,16,14,8
M16x120,16,2,120,24.33,16,14,8
M16x130,16,2,130,24.33,16,14,8
M16x140,16,2,140,24.33,16,14,8
M16x150,16,2,150,24.33,16,14,8
M16x160,16,2,160,24.33,16,14,8
M20x16,20,2.5,16,30.33,20,17,10
M20x20,20,2.5,20,30.33,20,17,10
M20x25,20,2.5,25,30.33,20,17,10
M20x30,20,2.5,30,30.33,20,17,10
M20x35,20,2.5,35,30.33,20,17,10
M20x40,20,2.5,40,30.33,20,17,10
M20x45,20,2.5,45,30.33,20,17,10
M20x50,20,2.5,50,30.33,20,17,10
M20x55,20,2.5,55,30.33,20,17,10
M20x60,20,2.5,60,30.33,20,17,10
M20x65,20,2.5,65,30.33,20,17,10
M20x70,20,2.5,70,30.33,20,17,10
M20x80,20,2.5,80,30.33,20,17,10
M20x90,20,2.5,90,30.33,20,17,10
M20x100,20,2.5,100,30.33,20,17,10
