size,d_mm,l_mm,a_mm,D_mm
1x8,1,8,0.12,1.16
1x10,1,10,0.12,1.2
1x12,1,12,0.12,1.24
1x14,1,14,0.12,1.28
1x16,1,16,0.12,1.32
1.5x10,1.5,10,0.2,1.7
1.5x12,1.5,12,0.2,1.74
1.5x14,1.5,14,0.2,1.78
1.5x16,1.5,16,0.2,1.82
1.5x18,1.5,18,0.2,1.86
1.5x20,1.5,20,0.2,1.9
2x12,2,12,0.25,2.24
2x14,2,14,0.25,2.28
2x16,2,16,0.25,2.32
2x18,2,18,0.25,2.36
2x20,2,20,0.25,2.4
2x22,2,22,0.25,2.44
2x24,2,24,0.25,2.48
2x26,2,26,0.25,2.52
2x28,2,28,0.25,2.56
2x30,2,30,0.25,2.6
2.5x12,2.5,12,0.3,2.74
2.5x14,2.5,14,0.3,2.78
2.5x16,2.5,16,0.3,2.82
2.5x18,2.5,18,0.3,2.86
2.5x20,2.5,20,0.3,2.9
2.5x22,2.5,22,0.3,2.94
2.5x24,2.5,24,0.3,2.98
2.5x26,2.5,26,0.3,3.02
2.5x28,2.5,28,0.3,3.06
2.5x30,2.5,30,0.3,3.1
2.5x32,2.5,32,0.3,3.14
2.5x35,2.5,35,0.3,3.2
2.5x40,2.5,40,0.3,3.3
3x14,3,14,0.4,3.28
3x16,3,16,0.4,3.32
3x18,3,18,0.4,3.36
3x20,3,20,0.4,3.4
3x22,3,22,0.4,3.44
3x24,3,24,0.4,3.48
3x26,3,26,0.4,3.52
3x28,3,28,0.4,3.56
3x30,3,30,0.4,3.6
3x32,3,32,0.4,3.64
3x35,3,35,0.4,3.7
3x40,3,40,0.4,3.8
3x45,3,45,0.4,3.9
3x50,3,50,0.4,4
4x16,4,16,0.5,4.32
4x18,4,18,0.5,4.36
4x20,4,20,0.5,4.4
4x22,4,22,0.5,4.44
4x24,4,24,0.5,4.48
4x26,4,26,0.5,4.52
4x28,4,28,0.5,4.56
4x30,4,30,0.5,4.6
4x32,4,32,0.5,4.64
4x35,4,35,0.5,4.7
4x40,4,40,0.5,4.8
4x45,4,45,0.5,4.9
4x50,4,50,0.5,5
4x55,4,55,0.5,5.1
4x60,4,60,0.5,5.2
5x20,5,20,0.63,5.4
5x22,5,22,0.63,5.44
5x24,5,24,0.63,5.48
5x26,5,26,0.63,5.52
5x28,5,28,0.63,5.56
5x30,5,30,0.63,5.6
5x32,5,32,0.63,5.64
5x35,5,35,0.63,5.7
5x40,5,40,0.63,5.8
5x45,5,45,0.63,5.9
5x50,5,50,0.63,6
5x55,5,55,0.63,6.1
5x60,5,60,0.63,6.2
5x65,5,65,0.63,6.3
5x70,5,70,0.63,6.4
6x30,6,30,0.8,6.6
6x32,6,32,0.8,6.64
6x35,6,35,0.8,6.7
6x40,6,40,0.8,6.8
6x45,6,45,0.8,6.9
6x50,6,50,0.8,7
6x55,6,55,0.8,7.1
6x60,6,60,0.8,7.2
6x65,6,65,0.8,7.3
6x70,6,70,0.8,7.4
6x75,6,75,0.8,7.5
6x80,6,80,0.8,7.6
6x85,6,85,0.8,7.7
6x90,6,90,0.8,7.8
6x95,6,95,0.8,7.9
6x100,6,100,0.8,8
8x30,8,30,1,8.6
8x32,8,32,1,8.64
8x35,8,35,1,8.7
8x40,8,40,1,8.8
8x45,8,45,1,8.9
8x50,8,50,1,9
8x55,8,55,1,9.1
8x60,8,60,1,9.2
8x65,8,65,1,9.3
8x70,8,70,1,9.4
8x75,8,75,1,9.5
8x80,8,80,1,9.6
8x85,8,85,1,9.7
8x90,8,90,1,9.8
8x95,8,95,1,9.9
8x100,8,100,1,10
8x120,8,120,1,10.4
10x40,10,40,1.2,10.8
10x45,10,45,1.2,10.9
10x50,10,50,1.2,11
10x55,10,55,1.2,11.1
10x60,10,60,1.2,11.2
10x65,10,65,1.2,11.3
10x70,10,70,1.2,11.4
10x75,10,75,1.2,11.5
10x80,10,80,1.2,11.6
10x85,10,85,1.2,11.7
10x90,10,90,1.2,11.8
10x95,10,95,1.2,11.9
10x100,10,100,1.2,12
10x120,10,120,1.2,12.4
10x140,10,140,1.2,12.8
12x40,12,40,1.6,12.8
12x45,12,45,1.6,12.9
12x50,12,50,1.6,13
12x55,12,55,1.6,13.1
12x60,12,60,1.6,13.2
12x65,12,65,1.6,13.3
12x70,12,70,1.6,13.4
12x75,12,75,1.6,13.5
12x80,12,80,1.6,13.6
12x85,12,85,1.6,13.7
12x90,12,90,1.6,13.8
12x95,12,95,1.6,13.9
12x100,12,100,1.6,14
12x120,12,120,1.6,14.4
12x140,12,140,1.6,14.8
16x40,16,40,2,16.8
16x45,16,45,2,16.9
16x50,16,50,2,17
16x55,16,55,2,17.1
16x60,16,60,2,17.2
16x65,16,65,2,17.3
16x70,16,70,2,17.4
16x75,16,75,2,17.5
16x80,16,80,2,17.6
16x85,16,85,2,17.7
16x90,16,90,2,17.8
16x95,16,95,2,17.9
16x100,16,100,2,18
16x120,16,120,2,18.4
16x140,16,140,2,18.8
