size,profile,z,b_mm,p_mm,PD_mm,OD_mm,delta_mm,groove_depth_mm,groove_r_mm,z_min,src_url
GT2-16-6,GT2,16,6,2,10.186,9.678,0.254,0.75,0.555,12,https://www.gates.com/content/dam/documents-library/application-specs/gatescorporationbeltidchart.pdf ; https://sdp-si.com/D820/PDFS/Technical-Section.pdf
GT2-16-9,GT2,16,9,2,10.186,9.678,0.254,0.75,0.555,12,https://www.gates.com/content/dam/documents-library/application-specs/gatescorporationbeltidchart.pdf ; https://sdp-si.com/D820/PDFS/Technical-Section.pdf
GT2-20-6,GT2,20,6,2,12.732,12.224,0.254,0.75,0.555,12,https://www.gates.com/content/dam/documents-library/application-specs/gatescorporationbeltidchart.pdf ; https://sdp-si.com/D820/PDFS/Technical-Section.pdf
GT2-20-9,GT2,20,9,2,12.732,12.224,0.254,0.75,0.555,12,https://www.gates.com/content/dam/documents-library/application-specs/gatescorporationbeltidchart.pdf ; https://sdp-si.com/D820/PDFS/Technical-Section.pdf
GT2-24-6,GT2,24,6,2,15.279,14.771,0.254,0.75,0.555,12,https://www.gates.com/content/dam/documents-library/application-specs/gatescorporationbeltidchart.pdf ; https://sdp-si.com/D820/PDFS/Technical-Section.pdf
GT2-24-9,GT2,24,9,2,15.279,14.771,0.254,0.75,0.555,12,https://www.gates.com/content/dam/documents-library/application-specs/gatescorporationbeltidchart.pdf ; https://sdp-si.com/D820/PDFS/Technical-Section.pdf
GT2-30-6,GT2,30,6,2,19.099,18.591,0.254,0.75,0.555,12,https://www.gates.com/content/dam/documents-library/application-specs/gatescorporationbeltidchart.pdf ; https://sdp-si.com/D820/PDFS/Technical-Section.pdf
GT2-30-9,GT2,30,9,2,19.099,18.591,0.254,0.75,0.555,12,https://www.gates.com/content/dam/documents-library/application-specs/gatescorporationbeltidchart.pdf ; https://sdp-si.com/D820/PDFS/Technical-Section.pdf
GT2-36-6,GT2,36,6,2,22.918,22.41,0.254,0.75,0.555,12,https://www.gates.com/content/dam/documents-library/application-specs/gatescorporationbeltidchart.pdf ; https://sdp-si.com/D820/PDFS/Technical-Section.pdf
GT2-36-9,GT2,36,9,2,22.918,22.41,0.254,0.75,0.555,12,https://www.gates.com/content/dam/documents-library/application-specs/gatescorporationbeltidchart.pdf ; https://sdp-si.com/D820/PDFS/Technical-Section.pdf
GT2-40-6,GT2,40,6,2,25.465,24.957,0.254,0.75,0.555,12,https://www.gates.com/content/dam/documents-library/application-specs/gatescorporationbeltidchart.pdf ; https://sdp-si.com/D820/PDFS/Technical-Section.pdf
GT2-40-9,GT2,40,9,2,25.465,24.957,0.254,0.75,0.555,12,https://www.gates.com/content/dam/documents-library/application-specs/gatescorporationbeltidchart.pdf ; https://sdp-si.com/D820/PDFS/Technical-Section.pdf
GT2-48-6,GT2,48,6,2,30.558,30.05,0.254,0.75,0.555,12,https://www.gates.com/content/dam/documents-library/application-specs/gatescorporationbeltidchart.pdf ; https://sdp-si.com/D820/PDFS/Technical-Section.pdf
GT2-48-9,GT2,48,9,2,30.558,30.05,0.254,0.75,0.555,12,https://www.gates.com/content/dam/documents-library/application-specs/gatescorporationbeltidchart.pdf ; https://sdp-si.com/D820/PDFS/Technical-Section.pdf
GT2-60-6,GT2,60,6,2,38.197,37.689,0.254,0.75,0.555,12,https://www.gates.com/content/dam/documents-library/application-specs/gatescorporationbeltidchart.pdf ; https://sdp-si.com/D820/PDFS/Technical-Section.pdf
GT2-60-9,GT2,60,9,2,38.197,37.689,0.254,0.75,0.555,12,https://www.gates.com/content/dam/documents-library/application-specs/gatescorporationbeltidchart.pdf ; https://sdp-si.com/D820/PDFS/Technical-Section.pdf
3M-15-9,3M,15,9,3,14.324,13.562,0.381,1.28,0.91,10,https://www.gates.com/content/dam/documents-library/application-specs/gatescorporationbeltidchart.pdf ; https://sdp-si.com/D820/PDFS/Technical-Section.pdf ; https://www.mechtool.cn/beltdrive/beltdrive_curvedtoothsynchronousbeltwheel.html
3M-15-15,3M,15,15,3,14.324,13.562,0.381,1.28,0.91,10,https://www.gates.com/content/dam/documents-library/application-specs/gatescorporationbeltidchart.pdf ; https://sdp-si.com/D820/PDFS/Technical-Section.pdf ; https://www.mechtool.cn/beltdrive/beltdrive_curvedtoothsynchronousbeltwheel.html
3M-20-9,3M,20,9,3,19.099,18.337,0.381,1.28,0.91,10,https://www.gates.com/content/dam/documents-library/application-specs/gatescorporationbeltidchart.pdf ; https://sdp-si.com/D820/PDFS/Technical-Section.pdf ; https://www.mechtool.cn/beltdrive/beltdrive_curvedtoothsynchronousbeltwheel.html
3M-20-15,3M,20,15,3,19.099,18.337,0.381,1.28,0.91,10,https://www.gates.com/content/dam/documents-library/application-specs/gatescorporationbeltidchart.pdf ; https://sdp-si.com/D820/PDFS/Technical-Section.pdf ; https://www.mechtool.cn/beltdrive/beltdrive_curvedtoothsynchronousbeltwheel.html
3M-24-9,3M,24,9,3,22.918,22.156,0.381,1.28,0.91,10,https://www.gates.com/content/dam/documents-library/application-specs/gatescorporationbeltidchart.pdf ; https://sdp-si.com/D820/PDFS/Technical-Section.pdf ; https://www.mechtool.cn/beltdrive/beltdrive_curvedtoothsynchronousbeltwheel.html
3M-24-15,3M,24,15,3,22.918,22.156,0.381,1.28,0.91,10,https://www.gates.com/content/dam/documents-library/application-specs/gatescorporationbeltidchart.pdf ; https://sdp-si.com/D820/PDFS/Technical-Section.pdf ; https://www.mechtool.cn/beltdrive/beltdrive_curvedtoothsynchronousbeltwheel.html
3M-30-9,3M,30,9,3,28.648,27.886,0.381,1.28,0.91,10,https://www.gates.com/content/dam/documents-library/application-specs/gatescorporationbeltidchart.pdf ; https://sdp-si.com/D820/PDFS/Technical-Section.pdf ; https://www.mechtool.cn/beltdrive/beltdrive_curvedtoothsynchronousbeltwheel.html
3M-30-15,3M,30,15,3,28.648,27.886,0.381,1.28,0.91,10,https://www.gates.com/content/dam/documents-library/application-specs/gatescorporationbeltidchart.pdf ; https://sdp-si.com/D820/PDFS/Technical-Section.pdf ; https://www.mechtool.cn/beltdrive/beltdrive_curvedtoothsynchronousbeltwheel.html
3M-36-9,3M,36,9,3,34.377,33.615,0.381,1.28,0.91,10,https://www.gates.com/content/dam/documents-library/application-specs/gatescorporationbeltidchart.pdf ; https://sdp-si.com/D820/PDFS/Technical-Section.pdf ; https://www.mechtool.cn/beltdrive/beltdrive_curvedtoothsynchronousbeltwheel.html
3M-36-15,3M,36,15,3,34.377,33.615,0.381,1.28,0.91,10,https://www.gates.com/content/dam/documents-library/application-specs/gatescorporationbeltidchart.pdf ; https://sdp-si.com/D820/PDFS/Technical-Section.pdf ; https://www.mechtool.cn/beltdrive/beltdrive_curvedtoothsynchronousbeltwheel.html
3M-40-9,3M,40,9,3,38.197,37.435,0.381,1.28,0.91,10,https://www.gates.com/content/dam/documents-library/application-specs/gatescorporationbeltidchart.pdf ; https://sdp-si.com/D820/PDFS/Technical-Section.pdf ; https://www.mechtool.cn/beltdrive/beltdrive_curvedtoothsynchronousbeltwheel.html
3M-40-15,3M,40,15,3,38.197,37.435,0.381,1.28,0.91,10,https://www.gates.com/content/dam/documents-library/application-specs/gatescorporationbeltidchart.pdf ; https://sdp-si.com/D820/PDFS/Technical-Section.pdf ; https://www.mechtool.cn/beltdrive/beltdrive_curvedtoothsynchronousbeltwheel.html
3M-48-9,3M,48,9,3,45.837,45.075,0.381,1.28,0.91,10,https://www.gates.com/content/dam/documents-library/application-specs/gatescorporationbeltidchart.pdf ; https://sdp-si.com/D820/PDFS/Technical-Section.pdf ; https://www.mechtool.cn/beltdrive/beltdrive_curvedtoothsynchronousbeltwheel.html
3M-48-15,3M,48,15,3,45.837,45.075,0.381,1.28,0.91,10,https://www.gates.com/content/dam/documents-library/application-specs/gatescorporationbeltidchart.pdf ; https://sdp-si.com/D820/PDFS/Technical-Section.pdf ; https://www.mechtool.cn/beltdrive/beltdrive_curvedtoothsynchronousbeltwheel.html
3M-60-9,3M,60,9,3,57.296,56.534,0.381,1.28,0.91,10,https://www.gates.com/content/dam/documents-library/application-specs/gatescorporationbeltidchart.pdf ; https://sdp-si.com/D820/PDFS/Technical-Section.pdf ; https://www.mechtool.cn/beltdrive/beltdrive_curvedtoothsynchronousbeltwheel.html
3M-60-15,3M,60,15,3,57.296,56.534,0.381,1.28,0.91,10,https://www.gates.com/content/dam/documents-library/application-specs/gatescorporationbeltidchart.pdf ; https://sdp-si.com/D820/PDFS/Technical-Section.pdf ; https://www.mechtool.cn/beltdrive/beltdrive_curvedtoothsynchronousbeltwheel.html
3M-72-9,3M,72,9,3,68.755,67.993,0.381,1.28,0.91,10,https://www.gates.com/content/dam/documents-library/application-specs/gatescorporationbeltidchart.pdf ; https://sdp-si.com/D820/PDFS/Technical-Section.pdf ; https://www.mechtool.cn/beltdrive/beltdrive_curvedtoothsynchronousbeltwheel.html
3M-72-15,3M,72,15,3,68.755,67.993,0.381,1.28,0.91,10,https://www.gates.com/content/dam/documents-library/application-specs/gatescorporationbeltidchart.pdf ; https://sdp-si.com/D820/PDFS/Technical-Section.pdf ; https://www.mechtool.cn/beltdrive/beltdrive_curvedtoothsynchronousbeltwheel.html
5M-15-15,5M,15,15,5,23.873,22.73,0.5715,2.16,1.56,14,https://www.gates.com/content/dam/documents-library/application-specs/gatescorporationbeltidchart.pdf ; https://sdp-si.com/D820/PDFS/Technical-Section.pdf ; https://www.mechtool.cn/beltdrive/beltdrive_curvedtoothsynchronousbeltwheel.html
5M-15-25,5M,15,25,5,23.873,22.73,0.5715,2.16,1.56,14,https://www.gates.com/content/dam/documents-library/application-specs/gatescorporationbeltidchart.pdf ; https://sdp-si.com/D820/PDFS/Technical-Section.pdf ; https://www.mechtool.cn/beltdrive/beltdrive_curvedtoothsynchronousbeltwheel.html
5M-20-15,5M,20,15,5,31.831,30.688,0.5715,2.16,1.56,14,https://www.gates.com/content/dam/documents-library/application-specs/gatescorporationbeltidchart.pdf ; https://sdp-si.com/D820/PDFS/Technical-Section.pdf ; https://www.mechtool.cn/beltdrive/beltdrive_curvedtoothsynchronousbeltwheel.html
5M-20-25,5M,20,25,5,31.831,30.688,0.5715,2.16,1.56,14,https://www.gates.com/content/dam/documents-library/application-specs/gatescorporationbeltidchart.pdf ; https://sdp-si.com/D820/PDFS/Technical-Section.pdf ; https://www.mechtool.cn/beltdrive/beltdrive_curvedtoothsynchronousbeltwheel.html
5M-24-15,5M,24,15,5,38.197,37.054,0.5715,2.16,1.56,14,https://www.gates.com/content/dam/documents-library/application-specs/gatescorporationbeltidchart.pdf ; https://sdp-si.com/D820/PDFS/Technical-Section.pdf ; https://www.mechtool.cn/beltdrive/beltdrive_curvedtoothsynchronousbeltwheel.html
5M-24-25,5M,24,25,5,38.197,37.054,0.5715,2.16,1.56,14,https://www.gates.com/content/dam/documents-library/application-specs/gatescorporationbeltidchart.pdf ; https://sdp-si.com/D820/PDFS/Technical-Section.pdf ; https://www.mechtool.cn/beltdrive/beltdrive_curvedtoothsynchronousbeltwheel.html
5M-30-15,5M,30,15,5,47.746,46.603,0.5715,2.16,1.56,14,https://www.gates.com/content/dam/documents-library/application-specs/gatescorporationbeltidchart.pdf ; https://sdp-si.com/D820/PDFS/Technical-Section.pdf ; https://www.mechtool.cn/beltdrive/beltdrive_curvedtoothsynchronousbeltwheel.html
5M-30-25,5M,30,25,5,47.746,46.603,0.5715,2.16,1.56,14,https://www.gates.com/content/dam/documents-library/application-specs/gatescorporationbeltidchart.pdf ; https://sdp-si.com/D820/PDFS/Technical-Section.pdf ; https://www.mechtool.cn/beltdrive/beltdrive_curvedtoothsynchronousbeltwheel.html
5M-36-15,5M,36,15,5,57.296,56.153,0.5715,2.16,1.56,14,https://www.gates.com/content/dam/documents-library/application-specs/gatescorporationbeltidchart.pdf ; https://sdp-si.com/D820/PDFS/Technical-Section.pdf ; https://www.mechtool.cn/beltdrive/beltdrive_curvedtoothsynchronousbeltwheel.html
5M-36-25,5M,36,25,5,57.296,56.153,0.5715,2.16,1.56,14,https://www.gates.com/content/dam/documents-library/application-specs/gatescorporationbeltidchart.pdf ; https://sdp-si.com/D820/PDFS/Technical-Section.pdf ; https://www.mechtool.cn/beltdrive/beltdrive_curvedtoothsynchronousbeltwheel.html
5M-40-15,5M,40,15,5,63.662,62.519,0.5715,2.16,1.56,14,https://www.gates.com/content/dam/documents-library/application-specs/gatescorporationbeltidchart.pdf ; https://sdp-si.com/D820/PDFS/Technical-Section.pdf ; https://www.mechtool.cn/beltdrive/beltdrive_curvedtoothsynchronousbeltwheel.html
5M-40-25,5M,40,25,5,63.662,62.519,0.5715,2.16,1.56,14,https://www.gates.com/content/dam/documents-library/application-specs/gatescorporationbeltidchart.pdf ; https://sdp-si.com/D820/PDFS/Technical-Section.pdf ; https://www.mechtool.cn/beltdrive/beltdrive_curvedtoothsynchronousbeltwheel.html
5M-48-15,5M,48,15,5,76.394,75.251,0.5715,2.16,1.56,14,https://www.gates.com/content/dam/documents-library/application-specs/gatescorporationbeltidchart.pdf ; https://sdp-si.com/D820/PDFS/Technical-Section.pdf ; https://www.mechtool.cn/beltdrive/beltdrive_curvedtoothsynchronousbeltwheel.html
5M-48-25,5M,48,25,5,76.394,75.251,0.5715,2.16,1.56,14,https://www.gates.com/content/dam/documents-library/application-specs/gatescorporationbeltidchart.pdf ; https://sdp-si.com/D820/PDFS/Technical-Section.pdf ; https://www.mechtool.cn/beltdrive/beltdrive_curvedtoothsynchronousbeltwheel.html
5M-60-15,5M,60,15,5,95.493,94.35,0.5715,2.16,1.56,14,https://www.gates.com/content/dam/documents-library/application-specs/gatescorporationbeltidchart.pdf ; https://sdp-si.com/D820/PDFS/Technical-Section.pdf ; https://www.mechtool.cn/beltdrive/beltdrive_curvedtoothsynchronousbeltwheel.html
5M-60-25,5M,60,25,5,95.493,94.35,0.5715,2.16,1.56,14,https://www.gates.com/content/dam/documents-library/application-specs/gatescorporationbeltidchart.pdf ; https://sdp-si.com/D820/PDFS/Technical-Section.pdf ; https://www.mechtool.cn/beltdrive/beltdrive_curvedtoothsynchronousbeltwheel.html
5M-72-15,5M,72,15,5,114.592,113.449,0.5715,2.16,1.56,14,https://www.gates.com/content/dam/documents-library/application-specs/gatescorporationbeltidchart.pdf ; https://sdp-si.com/D820/PDFS/Technical-Section.pdf ; https://www.mechtool.cn/beltdrive/beltdrive_curvedtoothsynchronousbeltwheel.html
5M-72-25,5M,72,25,5,114.592,113.449,0.5715,2.16,1.56,14,https://www.gates.com/content/dam/documents-library/application-specs/gatescorporationbeltidchart.pdf ; https://sdp-si.com/D820/PDFS/Technical-Section.pdf ; https://www.mechtool.cn/beltdrive/beltdrive_curvedtoothsynchronousbeltwheel.html
