size,d1_mm,s_mm,d3_mm,d2_mm,a_mm,m_mm
8,8,0.8,7.4,7.6,3.2,0.9
10,10,1,9.3,9.6,3.3,1.1
12,12,1,11,11.5,3.3,1.1
14,14,1,12.9,13.4,3.5,1.1
15,15,1,13.8,14.3,3.6,1.1
16,16,1,14.7,15.2,3.7,1.1
17,17,1,15.7,16.2,3.8,1.1
18,18,1.2,16.5,17,3.9,1.3
20,20,1.2,18.5,19,4,1.3
22,22,1.2,20.5,21,4.2,1.3
24,24,1.2,22.2,22.9,4.4,1.3
25,25,1.2,23.2,23.9,4.4,1.3
28,28,1.5,25.9,26.6,4.7,1.6
30,30,1.5,27.9,28.6,5,1.6
32,32,1.5,29.6,30.3,5.2,1.6
35,35,1.5,32.2,33,5.6,1.6
40,40,1.75,36.5,37.5,6,1.85
45,45,1.75,41.5,42.5,6.7,1.85
50,50,2,45.8,47,6.9,2.15
55,55,2,50.8,52,7.2,2.15
60,60,2,55.8,57,7.4,2.15
