size,size_code,ratio,T_rated_Nm,T_repeat_Nm,T_avg_Nm,T_momentary_Nm,n_max_oil_rpm,n_max_grease_rpm,n_avg_oil_rpm,n_avg_grease_rpm,J_1e4_kgm2,OD_mm,L_mm,mass_kg,src_url,src_page
14-30,14,30,4.0,9.0,6.8,17,14000,8500,6500,3500,0.033,50,28.5,0.09,https://www.harmonicdrive.net/_hd/content/catalogs/pdf/csf-csg-catalog.pdf,10、19
14-50,14,50,5.4,18,6.9,35,14000,8500,6500,3500,0.033,50,28.5,0.09,https://www.harmonicdrive.net/_hd/content/catalogs/pdf/csf-csg-catalog.pdf,10、19
14-80,14,80,7.8,23,11,47,14000,8500,6500,3500,0.034,50,28.5,0.09,https://www.harmonicdrive.net/_hd/content/catalogs/pdf/csf-csg-catalog.pdf,10、19
14-100,14,100,7.8,28,11,54,14000,8500,6500,3500,0.034,50,28.5,0.09,https://www.harmonicdrive.net/_hd/content/catalogs/pdf/csf-csg-catalog.pdf,10、19
17-30,17,30,8.8,16,12,30,10000,7300,6500,3500,0.079,60,32.5,0.15,https://www.harmonicdrive.net/_hd/content/catalogs/pdf/csf-csg-catalog.pdf,10、19
17-50,17,50,16,34,26,70,10000,7300,6500,3500,0.081,60,32.5,0.15,https://www.harmonicdrive.net/_hd/content/catalogs/pdf/csf-csg-catalog.pdf,10、19
17-80,17,80,22,43,27,87,10000,7300,6500,3500,0.081,60,32.5,0.15,https://www.harmonicdrive.net/_hd/content/catalogs/pdf/csf-csg-catalog.pdf,10、19
17-100,17,100,24,54,39,108,10000,7300,6500,3500,0.081,60,32.5,0.15,https://www.harmonicdrive.net/_hd/content/catalogs/pdf/csf-csg-catalog.pdf,10、19
17-120,17,120,24,54,39,86,10000,7300,6500,3500,0.081,60,32.5,0.15,https://www.harmonicdrive.net/_hd/content/catalogs/pdf/csf-csg-catalog.pdf,10、19
20-30,20,30,15,27,20,50,10000,6500,6500,3500,0.193,70,33.5,0.28,https://www.harmonicdrive.net/_hd/content/catalogs/pdf/csf-csg-catalog.pdf,10、19
20-50,20,50,25,56,34,98,10000,6500,6500,3500,0.193,70,33.5,0.28,https://www.harmonicdrive.net/_hd/content/catalogs/pdf/csf-csg-catalog.pdf,10、19
20-80,20,80,34,74,47,127,10000,6500,6500,3500,0.193,70,33.5,0.28,https://www.harmonicdrive.net/_hd/content/catalogs/pdf/csf-csg-catalog.pdf,10、19
20-100,20,100,40,82,49,147,10000,6500,6500,3500,0.193,70,33.5,0.28,https://www.harmonicdrive.net/_hd/content/catalogs/pdf/csf-csg-catalog.pdf,10、19
20-120,20,120,40,87,49,147,10000,6500,6500,3500,0.193,70,33.5,0.28,https://www.harmonicdrive.net/_hd/content/catalogs/pdf/csf-csg-catalog.pdf,10、19
20-160,20,160,40,92,49,147,10000,6500,6500,3500,0.193,70,33.5,0.28,https://www.harmonicdrive.net/_hd/content/catalogs/pdf/csf-csg-catalog.pdf,10、19
25-30,25,30,27,50,38,95,7500,5600,5600,3500,0.413,85,37,0.42,https://www.harmonicdrive.net/_hd/content/catalogs/pdf/csf-csg-catalog.pdf,10、19
25-50,25,50,39,98,55,186,7500,5600,5600,3500,0.413,85,37,0.42,https://www.harmonicdrive.net/_hd/content/catalogs/pdf/csf-csg-catalog.pdf,10、19
25-80,25,80,63,137,87,255,7500,5600,5600,3500,0.413,85,37,0.42,https://www.harmonicdrive.net/_hd/content/catalogs/pdf/csf-csg-catalog.pdf,10、19
25-100,25,100,67,157,108,284,7500,5600,5600,3500,0.413,85,37,0.42,https://www.harmonicdrive.net/_hd/content/catalogs/pdf/csf-csg-catalog.pdf,10、19
25-120,25,120,67,167,108,304,7500,5600,5600,3500,0.413,85,37,0.42,https://www.harmonicdrive.net/_hd/content/catalogs/pdf/csf-csg-catalog.pdf,10、19
25-160,25,160,67,176,108,314,7500,5600,5600,3500,0.413,85,37,0.42,https://www.harmonicdrive.net/_hd/content/catalogs/pdf/csf-csg-catalog.pdf,10、19
32-30,32,30,54,100,75,200,7000,4600,4600,3500,1.69,110,44,0.89,https://www.harmonicdrive.net/_hd/content/catalogs/pdf/csf-csg-catalog.pdf,10、19
32-50,32,50,76,216,108,382,7000,4600,4600,3500,1.69,110,44,0.89,https://www.harmonicdrive.net/_hd/content/catalogs/pdf/csf-csg-catalog.pdf,10、19
32-80,32,80,118,304,167,568,7000,4600,4600,3500,1.69,110,44,0.89,https://www.harmonicdrive.net/_hd/content/catalogs/pdf/csf-csg-catalog.pdf,10、19
32-100,32,100,137,333,216,647,7000,4600,4600,3500,1.69,110,44,0.89,https://www.harmonicdrive.net/_hd/content/catalogs/pdf/csf-csg-catalog.pdf,10、19
32-120,32,120,137,353,216,686,7000,4600,4600,3500,1.69,110,44,0.89,https://www.harmonicdrive.net/_hd/content/catalogs/pdf/csf-csg-catalog.pdf,10、19
32-160,32,160,137,372,216,686,7000,4600,4600,3500,1.69,110,44,0.89,https://www.harmonicdrive.net/_hd/content/catalogs/pdf/csf-csg-catalog.pdf,10、19
