size,calibration,Fxy_range_N,Fz_range_N,Txy_range_Nm,Tz_range_Nm,Fxy_resolution_N,Fz_resolution_N,Txy_resolution_Nm,Tz_resolution_Nm,Fxy_overload_N,Fz_overload_N,diameter_mm,height_mm,weight_g,src_url,src_page
Nano17,SI-12-0.12,12,17,0.12,0.12,0.003125,0.003125,1.5625e-05,1.5625e-05,250,480,17,14.5,9.07,https://www.ati-ia.com/products/ft/ft_models.aspx?id=Nano17,
Nano25,SI-125-3,125,500,3,3,0.0208333,0.0625,0.000757576,0.000378788,2300,7300,25,21.6,63.4,https://www.ati-ia.com/products/ft/ft_models.aspx?id=Nano25,
Mini40,SI-20-1,20,60,1,1,0.005,0.01,0.000125,0.000125,810,2400,40,12.2,49.9,https://www.ati-ia.com/products/ft/ft_models.aspx?id=mini40,
Mini45,SI-145-5,145,290,5,5,0.0625,0.0625,0.00132979,0.000664894,5100,10000,45,15.7,91.7,https://www.ati-ia.com/products/ft/ft_models.aspx?id=mini45,
Mini58,SI-700-30,700,1700,30,30,0.166667,0.291667,0.005625,0.003125,21000,48000,58,30,345,https://www.ati-ia.com/products/ft/ft_models.aspx?id=Mini58,
Gamma,SI-32-2.5,32,100,2.5,2.5,0.00625,0.0125,0.0005,0.0005,1200,4100,75.4,33.3,255,https://www.ati-ia.com/products/ft/ft_models.aspx?id=gamma,
Delta,SI-165-15,165,495,15,15,0.03125,0.0625,0.00189394,0.00189394,3700,10000,94.5,33.3,913,https://www.ati-ia.com/products/ft/ft_models.aspx?id=Delta,
Theta,SI-1000-120,1000,2500,120,120,0.25,0.25,0.025,0.0125,20000,51000,155,61.1,4990,https://www.ati-ia.com/products/ft/ft_models.aspx?id=Theta,
Omega85,SI-475-20,475,950,20,20,0.0714286,0.107143,0.00334225,0.00233957,13000,27000,85.1,33.4,658,https://www.ati-ia.com/products/ft/ft_models.aspx?id=Omega85,
