size,b_mm,h_mm,l_mm,shaft_min_mm,shaft_max_mm,t1_mm,t2_mm
2x2x6,2,2,6,6,8,1.2,1
2x2x8,2,2,8,6,8,1.2,1
2x2x10,2,2,10,6,8,1.2,1
2x2x12,2,2,12,6,8,1.2,1
2x2x14,2,2,14,6,8,1.2,1
2x2x16,2,2,16,6,8,1.2,1
2x2x18,2,2,18,6,8,1.2,1
2x2x20,2,2,20,6,8,1.2,1
3x3x6,3,3,6,8,10,1.8,1.4
3x3x8,3,3,8,8,10,1.8,1.4
3x3x10,3,3,10,8,10,1.8,1.4
3x3x12,3,3,12,8,10,1.8,1.4
3x3x14,3,3,14,8,10,1.8,1.4
3x3x16,3,3,16,8,10,1.8,1.4
3x3x18,3,3,18,8,10,1.8,1.4
3x3x20,3,3,20,8,10,1.8,1.4
3x3x22,3,3,22,8,10,1.8,1.4
3x3x25,3,3,25,8,10,1.8,1.4
3x3x28,3,3,28,8,10,1.8,1.4
3x3x32,3,3,32,8,10,1.8,1.4
3x3x36,3,3,36,8,10,1.8,1.4
4x4x8,4,4,8,10,12,2.5,1.8
4x4x10,4,4,10,10,12,2.5,1.8
4x4x12,4,4,12,10,12,2.5,1.8
4x4x14,4,4,14,10,12,2.5,1.8
4x4x16,4,4,16,10,12,2.5,1.8
4x4x18,4,4,18,10,12,2.5,1.8
4x4x20,4,4,20,10,12,2.5,1.8
4x4x22,4,4,22,10,12,2.5,1.8
4x4x25,4,4,25,10,12,2.5,1.8
4x4x28,4,4,28,10,12,2.5,1.8
4x4x32,4,4,32,10,12,2.5,1.8
4x4x36,4,4,36,10,12,2.5,1.8
4x4x40,4,4,40,10,12,2.5,1.8
4x4x45,4,4,45,10,12,2.5,1.8
5x5x10,5,5,10,12,17,3,2.3
5x5x12,5,5,12,12,17,3,2.3
5x5x14,5,5,14,12,17,3,2.3
5x5x16,5,5,16,12,17,3,2.3
5x5x18,5,5,18,12,17,3,2.3
5x5x20,5,5,20,12,17,3,2.3
5x5x22,5,5,22,12,17,3,2.3
5x5x25,5,5,25,12,17,3,2.3
5x5x28,5,5,28,12,17,3,2.3
5x5x32,5,5,32,12,17,3,2.3
5x5x36,5,5,36,12,17,3,2.3
5x5x40,5,5,40,12,17,3,2.3
5x5x45,5,5,45,12,17,3,2.3
5x5x50,5,5,50,12,17,3,2.3
5x5x56,5,5,56,12,17,3,2.3
6x6x14,6,6,14,17,22,3.5,2.8
6x6x16,6,6,16,17,22,3.5,2.8
6x6x18,6,6,18,17,22,3.5,2.8
6x6x20,6,6,20,17,22,3.5,2.8
6x6x22,6,6,22,17,22,3.5,2.8
6x6x25,6,6,25,17,22,3.5,2.8
6x6x28,6,6,28,17,22,3.5,2.8
6x6x32,6,6,32,17,22,3.5,2.8
6x6x36,6,6,36,17,22,3.5,2.8
6x6x40,6,6,40,17,22,3.5,2.8
6x6x45,6,6,45,17,22,3.5,2.8
6x6x50,6,6,50,17,22,3.5,2.8
6x6x56,6,6,56,17,22,3.5,2.8
6x6x63,6,6,63,17,22,3.5,2.8
6x6x70,6,6,70,17,22,3.5,2.8
8x7x18,8,7,18,22,30,4,3.3
8x7x20,8,7,20,22,30,4,3.3
8x7x22,8,7,22,22,30,4,3.3
8x7x25,8,7,25,22,30,4,3.3
8x7x28,8,7,28,22,30,4,3.3
8x7x32,8,7,32,22,30,4,3.3
8x7x36,8,7,36,22,30,4,3.3
8x7x40,8,7,40,22,30,4,3.3
8x7x45,8,7,45,22,30,4,3.3
8x7x50,8,7,50,22,30,4,3.3
8x7x56,8,7,56,22,30,4,3.3
8x7x63,8,7,63,22,30,4,3.3
8x7x70,8,7,70,22,30,4,3.3
8x7x80,8,7,80,22,30,4,3.3
8x7x90,8,7,90,22,30,4,3.3
10x8x22,10,8,22,30,38,5,3.3
10x8x25,10,8,25,30,38,5,3.3
10x8x28,10,8,28,30,38,5,3.3
10x8x32,10,8,32,30,38,5,3.3
10x8x36,10,8,36,30,38,5,3.3
10x8x40,10,8,40,30,38,5,3.3
10x8x45,10,8,45,30,38,5,3.3
10x8x50,10,8,50,30,38,5,3.3
10x8x56,10,8,56,30,38,5,3.3
10x8x63,10,8,63,30,38,5,3.3
10x8x70,10,8,70,30,38,5,3.3
10x8x80,10,8,80,30,38,5,3.3
10x8x90,10,8,90,30,38,5,3.3
10x8x100,10,8,100,30,38,5,3.3
10x8x110,10,8,110,30,38,5,3.3
12x8x28,12,8,28,38,44,5,3.3
12x8x32,12,8,32,38,44,5,3.3
12x8x36,12,8,36,38,44,5,3.3
12x8x40,12,8,40,38,44,5,3.3
12x8x45,12,8,45,38,44,5,3.3
12x8x50,12,8,50,38,44,5,3.3
12x8x56,12,8,56,38,44,5,3.3
12x8x63,12,8,63,38,44,5,3.3
12x8x70,12,8,70,38,44,5,3.3
12x8x80,12,8,80,38,44,5,3.3
12x8x90,12,8,90,38,44,5,3.3
12x8x100,12,8,100,38,44,5,3.3
12x8x110,12,8,110,38,44,5,3.3
12x8x125,12,8,125,38,44,5,3.3
12x8x140,12,8,140,38,44,5,3.3
14x9x36,14,9,36,44,50,5.5,3.8
14x9x40,14,9,40,44,50,5.5,3.8
14x9x45,14,9,45,44,50,5.5,3.8
14x9x50,14,9,50,44,50,5.5,3.8
14x9x56,14,9,56,44,50,5.5,3.8
14x9x63,14,9,63,44,50,5.5,3.8
14x9x70,14,9,70,44,50,5.5,3.8
14x9x80,14,9,80,44,50,5.5,3.8
14x9x90,14,9,90,44,50,5.5,3.8
14x9x100,14,9,100,44,50,5.5,3.8
14x9x110,14,9,110,44,50,5.5,3.8
14x9x125,14,9,125,44,50,5.5,3.8
14x9x140,14,9,140,44,50,5.5,3.8
14x9x160,14,9,160,44,50,5.5,3.8
