size,d1_mm,D_mm,b_mm
6x16x7,6,16,7
6x22x7,6,22,7
7x22x7,7,22,7
8x22x7,8,22,7
8x24x7,8,24,7
9x22x7,9,22,7
10x22x7,10,22,7
10x25x7,10,25,7
12x24x7,12,24,7
12x25x7,12,25,7
12x30x7,12,30,7
15x26x7,15,26,7
15x30x7,15,30,7
15x35x7,15,35,7
16x30x7,16,30,7
16x35x7,16,35,7
18x30x7,18,30,7
18x35x7,18,35,7
20x35x7,20,35,7
20x40x7,20,40,7
20x45x7,20,45,7
22x35x7,22,35,7
22x40x7,22,40,7
22x47x7,22,47,7
25x40x7,25,40,7
25x47x7,25,47,7
25x52x7,25,52,7
28x40x7,28,40,7
28x47x7,28,47,7
28x52x7,28,52,7
30x42x7,30,42,7
30x47x7,30,47,7
30x50x7,30,50,7
30x52x7,30,52,7
32x45x8,32,45,8
32x47x8,32,47,8
32x52x8,32,52,8
35x50x8,35,50,8
35x52x8,35,52,8
35x55x8,35,55,8
38x55x8,38,55,8
38x58x8,38,58,8
38x62x8,38,62,8
40x55x8,40,55,8
40x60x8,40,60,8
40x62x8,40,62,8
42x55x8,42,55,8
42x62x8,42,62,8
45x62x8,45,62,8
45x65x8,45,65,8
50x68x8,50,68,8
50x70x8,50,70,8
50x72x8,50,72,8
55x72x8,55,72,8
55x75x8,55,75,8
55x80x8,55,80,8
60x80x8,60,80,8
60x85x8,60,85,8
65x85x10,65,85,10
65x90x10,65,90,10
70x90x10,70,90,10
70x95x10,70,95,10
75x95x10,75,95,10
75x100x10,75,100,10
80x100x10,80,100,10
80x110x10,80,110,10
85x110x12,85,110,12
85x120x12,85,120,12
90x115x12,90,115,12
90x120x12,90,120,12
95x120x12,95,120,12
100x125x12,100,125,12
105x130x12,105,130,12
110x140x12,110,140,12
120x150x12,120,150,12
130x160x12,130,160,12
140x170x15,140,170,15
150x180x15,150,180,15
160x190x15,160,190,15
170x200x15,170,200,15
180x210x15,180,210,15
190x220x15,190,220,15
200x230x15,200,230,15
220x250x15,220,250,15
240x270x15,240,270,15
250x290x15,250,290,15
260x300x20,260,300,20
280x320x20,280,320,20
300x340x20,300,340,20
320x360x20,320,360,20
340x380x20,340,380,20
360x400x20,360,400,20
380x420x20,380,420,20
400x440x20,400,440,20
