size,d_mm,P_mm,l_mm,k_mm,s_mm
M5x25,5,0.8,25,3.5,8
M5x30,5,0.8,30,3.5,8
M5x35,5,0.8,35,3.5,8
M5x40,5,0.8,40,3.5,8
M5x45,5,0.8,45,3.5,8
M5x50,5,0.8,50,3.5,8
M6x30,6,1,30,4,10
M6x35,6,1,35,4,10
M6x40,6,1,40,4,10
M6x45,6,1,45,4,10
M6x50,6,1,50,4,10
M6x55,6,1,55,4,10
M6x60,6,1,60,4,10
M8x40,8,1.25,40,5.3,13
M8x45,8,1.25,45,5.3,13
M8x50,8,1.25,50,5.3,13
M8x55,8,1.25,55,5.3,13
M8x60,8,1.25,60,5.3,13
M8x65,8,1.25,65,5.3,13
M8x70,8,1.25,70,5.3,13
M8x80,8,1.25,80,5.3,13
M10x45,10,1.5,45,6.4,16
M10x50,10,1.5,50,6.4,16
M10x55,10,1.5,55,6.4,16
M10x60,10,1.5,60,6.4,16
M10x65,10,1.5,65,6.4,16
M10x70,10,1.5,70,6.4,16
M10x80,10,1.5,80,6.4,16
M10x90,10,1.5,90,6.4,16
M10x100,10,1.5,100,6.4,16
M12x50,12,1.75,50,7.5,18
M12x55,12,1.75,55,7.5,18
M12x60,12,1.75,60,7.5,18
M12x65,12,1.75,65,7.5,18
M12x70,12,1.75,70,7.5,18
M12x80,12,1.75,80,7.5,18
M12x90,12,1.75,90,7.5,18
M12x100,12,1.75,100,7.5,18
M12x110,12,1.75,110,7.5,18
M12x120,12,1.75,120,7.5,18
M14x60,14,2,60,8.8,21
M14x65,14,2,65,8.8,21
M14x70,14,2,70,8.8,21
M14x80,14,2,80,8.8,21
M14x90,14,2,90,8.8,21
M14x100,14,2,100,8.8,21
M14x110,14,2,110,8.8,21
M14x120,14,2,120,8.8,21
M14x130,14,2,130,8.8,21
M14x140,14,2,140,8.8,21
M16x65,16,2,65,10,24
M16x70,16,2,70,10,24
M16x80,16,2,80,10,24
M16x90,16,2,90,10,24
M16x100,16,2,100,10,24
M16x110,16,2,110,10,24
M16x120,16,2,120,10,24
M16x130,16,2,130,10,24
M16x140,16,2,140,10,24
M16x150,16,2,150,10,24
M16x160,16,2,160,10,24
M20x80,20,2.5,80,12.5,30
M20x90,20,2.5,90,12.5,30
M20x100,20,2.5,100,12.5,30
M20x110,20,2.5,110,12.5,30
M20x120,20,2.5,120,12.5,30
M20x130,20,2.5,130,12.5,30
M20x140,20,2.5,140,12.5,30
M20x150,20,2.5,150,12.5,30
M20x160,20,2.5,160,12.5,30
M20x180,20,2.5,180,12.5,30
M20x200,20,2.5,200,12.5,30
M24x90,24,3,90,15,36
M24x100,24,3,100,15,36
M24x110,24,3,110,15,36
M24x120,24,3,120,15,36
M24x130,24,3,130,15,36
M24x140,24,3,140,15,36
M24x150,24,3,150,15,36
M24x160,24,3,160,15,36
M24x180,24,3,180,15,36
M24x200,24,3,200,15,36
M24x220,24,3,220,15,36
M24x240,24,3,240,15,36
