size,d_mm,D_mm,B_mm,r_min_mm,Cr_kN,C0r_kN,data_source
6000,10,26,8,0.3,,,GB/T 276
6001,12,28,8,0.3,,,GB/T 276
6002,15,32,9,0.3,,,GB/T 276
6003,17,35,10,0.3,,,GB/T 276
6004,20,42,12,0.6,,,GB/T 276
6005,25,47,12,0.6,,,GB/T 276
6006,30,55,13,1,,,GB/T 276
6007,35,62,14,1,,,GB/T 276
6008,40,68,15,1,,,GB/T 276
6009,45,75,16,1,,,GB/T 276
6010,50,80,16,1,,,GB/T 276
6200,10,30,9,0.6,,,GB/T 276
6201,12,32,10,0.6,,,GB/T 276
6202,15,35,11,0.6,,,GB/T 276
6203,17,40,12,0.6,,,GB/T 276
6204,20,47,14,1,,,GB/T 276
6205,25,52,15,1,,,GB/T 276
6206,30,62,16,1,,,GB/T 276
6207,35,72,17,1.1,,,GB/T 276
6208,40,80,18,1.1,,,GB/T 276
6209,45,85,19,1.1,,,GB/T 276
6210,50,90,20,1.1,,,GB/T 276
6300,10,35,11,0.6,,,GB/T 276
6301,12,37,12,1,,,GB/T 276
6302,15,42,13,1,,,GB/T 276
6303,17,47,14,1,,,GB/T 276
6304,20,52,15,1.1,,,GB/T 276
6305,25,62,17,1.1,,,GB/T 276
6306,30,72,19,1.1,,,GB/T 276
6307,35,80,21,1.5,,,GB/T 276
6308,40,90,23,1.5,,,GB/T 276
6309,45,100,25,1.5,,,GB/T 276
6310,50,110,27,2,,,GB/T 276
623,3,10,4,0.15,0.54,0.18,bd_warehouse（SKF）
618/4,4,9,2.5,0.1,0.423,0.116,bd_warehouse（SKF）
619/4,4,11,4,0.15,0.624,0.18,bd_warehouse（SKF）
604,4,12,4,0.2,0.806,0.28,bd_warehouse（SKF）
624,4,13,5,0.2,0.936,0.29,bd_warehouse（SKF）
634,4,16,5,0.3,1.11,0.38,bd_warehouse（SKF）
618/5,5,11,3,0.15,0.468,0.143,bd_warehouse（SKF）
619/5,5,13,4,0.2,0.884,0.335,bd_warehouse（SKF）
625,5,16,5,0.3,1.14,0.38,bd_warehouse（SKF）
635,5,19,6,0.3,2.34,0.95,bd_warehouse（SKF）
618/6,6,13,3.5,0.15,0.715,0.224,bd_warehouse（SKF）
619/6,6,15,5,0.2,0.884,0.27,bd_warehouse（SKF）
626,6,19,6,0.3,2.34,0.95,bd_warehouse（SKF）
618/7,7,14,3.5,0.15,0.78,0.26,bd_warehouse（SKF）
619/7,7,17,5,0.3,1.06,0.375,bd_warehouse（SKF）
607,7,19,6,0.3,2.34,0.95,bd_warehouse（SKF）
627,7,22,7,0.3,3.45,1.37,bd_warehouse（SKF）
618/8,8,16,4,0.2,0.819,0.3,bd_warehouse（SKF）
619/8,8,19,6,0.3,1.46,0.465,bd_warehouse（SKF）
608,8,22,7,0.3,3.45,1.37,bd_warehouse（SKF）
628,8,24,8,0.3,3.9,1.66,bd_warehouse（SKF）
618/9,9,17,4,0.2,0.871,0.34,bd_warehouse（SKF）
619/9,9,20,6,0.3,2.34,0.98,bd_warehouse（SKF）
609,9,24,7,0.3,3.9,1.66,bd_warehouse（SKF）
629,9,26,8,0.3,4.75,1.96,bd_warehouse（SKF）
