size,d_mm,D_mm,B_mm,Cr_kN,C0r_kN,bd_size
30302J2,15,42,14.25,22.4,20,M15-42-14.25
30203J2,17,40,13.25,19,18.6,M17-40-13.25
30303J2,17,47,15.25,28.1,25,M17-47-15.25
32303J2/Q,17,47,20.25,34.7,33.5,M17-47-20.25
32004X/Q,20,42,15,24.2,27,M20-42-15
30204J2/Q,20,47,15.25,27.5,28,M20-47-15.25
30304J2/Q,20,52,16.25,34.1,32.5,M20-52-16.25
32304J2/Q,20,52,22.25,44,45.5,M20-52-22.25
320/22X,22,44,15,25.1,29,M22-44-15
32005X/Q,25,47,15,27,32.5,M25-47-15
30205J2/Q,25,52,16.25,30.8,33.5,M25-52-16.25
32205BJ2/Q,25,52,19.25,35.8,44,M25-52-19.25
33205/Q,25,52,22,47.3,56,M25-52-22
30305J2/Q,25,62,18.25,44.6,43,M25-62-18.25
32305J2,25,62,25.25,60.5,63,M25-62-25.25
320/28X/Q,28,52,16,31.9,38,M28-52-16
302/28J2,28,58,17.25,38,41.5,M28-58-17.25
322/28BJ2/Q,28,58,20.25,41.8,50,M28-58-20.25
32006X/Q,30,55,17,35.8,44,M30-55-17
30206J2/Q,30,62,17.25,40.2,44,M30-62-17.25
32206J2/Q,30,62,21.25,50.1,57,M30-62-21.25
33206/Q,30,62,25,64.4,76.5,M30-62-25
30306J2/Q,30,72,20.75,56.1,56,M30-72-20.75
32306J2/Q,30,72,28.75,76.5,85,M30-72-28.75
320/32X/Q,32,58,17,36.9,46.5,M32-58-17
