size,d_mm,D_mm,H0_mm,n,Fs_N,fs_mm,k_N_per_mm,src_url
0.5x3x4,0.5,3,4,2.5,14,1.5,9.1,https://www.164580.com/info_95047.html ; https://www.mechtool.cn/spring/spring_cylindricalspiralcompressionspring.html
0.5x3x7,0.5,3,7,4.5,14,2.8,5.1,https://www.164580.com/info_95047.html ; https://www.mechtool.cn/spring/spring_cylindricalspiralcompressionspring.html
0.5x3x10,0.5,3,10,6.5,14,4,3.5,https://www.164580.com/info_95047.html ; https://www.mechtool.cn/spring/spring_cylindricalspiralcompressionspring.html
0.5x3x11,0.5,3,11,8.5,14,5.2,2.7,https://www.164580.com/info_95047.html ; https://www.mechtool.cn/spring/spring_cylindricalspiralcompressionspring.html
0.5x3x14,0.5,3,14,10.5,14,6.4,2.2,https://www.164580.com/info_95047.html ; https://www.mechtool.cn/spring/spring_cylindricalspiralcompressionspring.html
0.5x3x16,0.5,3,16,12.5,14,7.8,1.8,https://www.164580.com/info_95047.html ; https://www.mechtool.cn/spring/spring_cylindricalspiralcompressionspring.html
0.5x3.5x5,0.5,3.5,5,2.5,12,2.1,5.8,https://www.164580.com/info_95047.html ; https://www.mechtool.cn/spring/spring_cylindricalspiralcompressionspring.html
0.5x3.5x8,0.5,3.5,8,4.5,12,3.8,3.2,https://www.164580.com/info_95047.html ; https://www.mechtool.cn/spring/spring_cylindricalspiralcompressionspring.html
0.5x3.5x12,0.5,3.5,12,6.5,12,5.5,2.2,https://www.164580.com/info_95047.html ; https://www.mechtool.cn/spring/spring_cylindricalspiralcompressionspring.html
0.5x3.5x13,0.5,3.5,13,8.5,12,7.1,1.7,https://www.164580.com/info_95047.html ; https://www.mechtool.cn/spring/spring_cylindricalspiralcompressionspring.html
0.5x3.5x16,0.5,3.5,16,10.5,12,8.6,1.4,https://www.164580.com/info_95047.html ; https://www.mechtool.cn/spring/spring_cylindricalspiralcompressionspring.html
0.5x3.5x19,0.5,3.5,19,12.5,12,10,1.2,https://www.164580.com/info_95047.html ; https://www.mechtool.cn/spring/spring_cylindricalspiralcompressionspring.html
0.5x4x6,0.5,4,6,2.5,11,2.8,3.9,https://www.164580.com/info_95047.html ; https://www.mechtool.cn/spring/spring_cylindricalspiralcompressionspring.html
0.5x4x9,0.5,4,9,4.5,11,5.2,2.1,https://www.164580.com/info_95047.html ; https://www.mechtool.cn/spring/spring_cylindricalspiralcompressionspring.html
0.5x4x14,0.5,4,14,6.5,11,7.3,1.5,https://www.164580.com/info_95047.html ; https://www.mechtool.cn/spring/spring_cylindricalspiralcompressionspring.html
0.5x4x15,0.5,4,15,8.5,11,10,1.1,https://www.164580.com/info_95047.html ; https://www.mechtool.cn/spring/spring_cylindricalspiralcompressionspring.html
0.5x4x19,0.5,4,19,10.5,11,12,0.9,https://www.164580.com/info_95047.html ; https://www.mechtool.cn/spring/spring_cylindricalspiralcompressionspring.html
0.5x4x22,0.5,4,22,12.5,11,14,0.8,https://www.164580.com/info_95047.html ; https://www.mechtool.cn/spring/spring_cylindricalspiralcompressionspring.html
0.5x4.5x7,0.5,4.5,7,2.5,9.6,3.6,2.7,https://www.164580.com/info_95047.html ; https://www.mechtool.cn/spring/spring_cylindricalspiralcompressionspring.html
0.5x4.5x10,0.5,4.5,10,4.5,9.6,6.4,1.5,https://www.164580.com/info_95047.html ; https://www.mechtool.cn/spring/spring_cylindricalspiralcompressionspring.html
0.5x4.5x16,0.5,4.5,16,6.5,9.6,9.6,1,https://www.164580.com/info_95047.html ; https://www.mechtool.cn/spring/spring_cylindricalspiralcompressionspring.html
0.5x4.5x18,0.5,4.5,18,8.5,9.6,12,0.8,https://www.164580.com/info_95047.html ; https://www.mechtool.cn/spring/spring_cylindricalspiralcompressionspring.html
0.5x4.5x22,0.5,4.5,22,10.5,9.6,16,0.6,https://www.164580.com/info_95047.html ; https://www.mechtool.cn/spring/spring_cylindricalspiralcompressionspring.html
0.5x4.5x26,0.5,4.5,26,12.5,9.6,19,0.5,https://www.164580.com/info_95047.html ; https://www.mechtool.cn/spring/spring_cylindricalspiralcompressionspring.html
0.5x5x8,0.5,5,8,2.5,8.6,4.3,2,https://www.164580.com/info_95047.html ; https://www.mechtool.cn/spring/spring_cylindricalspiralcompressionspring.html
0.5x5x12,0.5,5,12,4.5,8.6,7.8,1.1,https://www.164580.com/info_95047.html ; https://www.mechtool.cn/spring/spring_cylindricalspiralcompressionspring.html
0.5x5x18,0.5,5,18,6.5,8.6,11,0.8,https://www.164580.com/info_95047.html ; https://www.mechtool.cn/spring/spring_cylindricalspiralcompressionspring.html
0.5x5x21,0.5,5,21,8.5,8.6,14,0.6,https://www.164580.com/info_95047.html ; https://www.mechtool.cn/spring/spring_cylindricalspiralcompressionspring.html
0.5x5x26,0.5,5,26,10.5,8.6,17,0.5,https://www.164580.com/info_95047.html ; https://www.mechtool.cn/spring/spring_cylindricalspiralcompressionspring.html
0.5x5x30,0.5,5,30,12.5,8.6,22,0.4,https://www.164580.com/info_95047.html ; https://www.mechtool.cn/spring/spring_cylindricalspiralcompressionspring.html
0.8x4x6,0.8,4,6,2.5,40,1.6,25,https://www.164580.com/info_95047.html ; https://www.mechtool.cn/spring/spring_cylindricalspiralcompressionspring.html
0.8x4x9,0.8,4,9,4.5,40,2.9,14,https://www.164580.com/info_95047.html ; https://www.mechtool.cn/spring/spring_cylindricalspiralcompressionspring.html
0.8x4x12,0.8,4,12,6.5,40,4.1,9.7,https://www.164580.com/info_95047.html ; https://www.mechtool.cn/spring/spring_cylindricalspiralcompressionspring.html
0.8x4x15,0.8,4,15,8.5,40,5.4,7.4,https://www.164580.com/info_95047.html ; https://www.mechtool.cn/spring/spring_cylindricalspiralcompressionspring.html
0.8x4x18,0.8,4,18,10.5,40,6.7,6,https://www.164580.com/info_95047.html ; https://www.mechtool.cn/spring/spring_cylindricalspiralcompressionspring.html
0.8x4x22,0.8,4,22,12.5,40,7.8,5.1,https://www.164580.com/info_95047.html ; https://www.mechtool.cn/spring/spring_cylindricalspiralcompressionspring.html
0.8x4.5x7,0.8,4.5,7,2.5,36,2,18,https://www.164580.com/info_95047.html ; https://www.mechtool.cn/spring/spring_cylindricalspiralcompressionspring.html
0.8x4.5x10,0.8,4.5,10,4.5,36,3.6,10,https://www.164580.com/info_95047.html ; https://www.mechtool.cn/spring/spring_cylindricalspiralcompressionspring.html
0.8x4.5x14,0.8,4.5,14,6.5,36,5.3,6.8,https://www.164580.com/info_95047.html ; https://www.mechtool.cn/spring/spring_cylindricalspiralcompressionspring.html
0.8x4.5x16,0.8,4.5,16,8.5,36,6.9,5.2,https://www.164580.com/info_95047.html ; https://www.mechtool.cn/spring/spring_cylindricalspiralcompressionspring.html
0.8x4.5x20,0.8,4.5,20,10.5,36,8.6,4.2,https://www.164580.com/info_95047.html ; https://www.mechtool.cn/spring/spring_cylindricalspiralcompressionspring.html
0.8x4.5x24,0.8,4.5,24,12.5,36,10,3.6,https://www.164580.com/info_95047.html ; https://www.mechtool.cn/spring/spring_cylindricalspiralcompressionspring.html
0.8x5x8,0.8,5,8,2.5,32,2.5,13,https://www.164580.com/info_95047.html ; https://www.mechtool.cn/spring/spring_cylindricalspiralcompressionspring.html
0.8x5x11,0.8,5,11,4.5,32,4.4,7.2,https://www.164580.com/info_95047.html ; https://www.mechtool.cn/spring/spring_cylindricalspiralcompressionspring.html
0.8x5x15,0.8,5,15,6.5,32,6.4,5,https://www.164580.com/info_95047.html ; https://www.mechtool.cn/spring/spring_cylindricalspiralcompressionspring.html
0.8x5x18,0.8,5,18,8.5,32,8.4,3.8,https://www.164580.com/info_95047.html ; https://www.mechtool.cn/spring/spring_cylindricalspiralcompressionspring.html
0.8x5x22,0.8,5,22,10.5,32,10,3.1,https://www.164580.com/info_95047.html ; https://www.mechtool.cn/spring/spring_cylindricalspiralcompressionspring.html
0.8x5x25,0.8,5,25,12.5,32,12,2.6,https://www.164580.com/info_95047.html ; https://www.mechtool.cn/spring/spring_cylindricalspiralcompressionspring.html
0.8x6x9,0.8,6,9,2.5,27,3.6,7.5,https://www.164580.com/info_95047.html ; https://www.mechtool.cn/spring/spring_cylindricalspiralcompressionspring.html
0.8x6x13,0.8,6,13,4.5,27,6.4,4.2,https://www.164580.com/info_95047.html ; https://www.mechtool.cn/spring/spring_cylindricalspiralcompressionspring.html
0.8x6x19,0.8,6,19,6.5,27,9.3,2.9,https://www.164580.com/info_95047.html ; https://www.mechtool.cn/spring/spring_cylindricalspiralcompressionspring.html
0.8x6x22,0.8,6,22,8.5,27,12,2.2,https://www.164580.com/info_95047.html ; https://www.mechtool.cn/spring/spring_cylindricalspiralcompressionspring.html
0.8x6x28,0.8,6,28,10.5,27,15,1.8,https://www.164580.com/info_95047.html ; https://www.mechtool.cn/spring/spring_cylindricalspiralcompressionspring.html
0.8x6x32,0.8,6,32,12.5,27,18,1.5,https://www.164580.com/info_95047.html ; https://www.mechtool.cn/spring/spring_cylindricalspiralcompressionspring.html
0.8x7x10,0.8,7,10,2.5,23,4.9,4.7,https://www.164580.com/info_95047.html ; https://www.mechtool.cn/spring/spring_cylindricalspiralcompressionspring.html
0.8x7x15,0.8,7,15,4.5,23,8.8,2.6,https://www.164580.com/info_95047.html ; https://www.mechtool.cn/spring/spring_cylindricalspiralcompressionspring.html
0.8x7x23,0.8,7,23,6.5,23,13,1.8,https://www.164580.com/info_95047.html ; https://www.mechtool.cn/spring/spring_cylindricalspiralcompressionspring.html
0.8x7x28,0.8,7,28,8.5,23,16,1.4,https://www.164580.com/info_95047.html ; https://www.mechtool.cn/spring/spring_cylindricalspiralcompressionspring.html
0.8x7x32,0.8,7,32,10.5,23,21,1.1,https://www.164580.com/info_95047.html ; https://www.mechtool.cn/spring/spring_cylindricalspiralcompressionspring.html
0.8x7x38,0.8,7,38,12.5,23,26,0.9,https://www.164580.com/info_95047.html ; https://www.mechtool.cn/spring/spring_cylindricalspiralcompressionspring.html
0.8x8x12,0.8,8,12,2.5,20,6.3,3.2,https://www.164580.com/info_95047.html ; https://www.mechtool.cn/spring/spring_cylindricalspiralcompressionspring.html
0.8x8x18,0.8,8,18,4.5,20,11,1.8,https://www.164580.com/info_95047.html ; https://www.mechtool.cn/spring/spring_cylindricalspiralcompressionspring.html
0.8x8x28,0.8,8,28,6.5,20,17,1.2,https://www.164580.com/info_95047.html ; https://www.mechtool.cn/spring/spring_cylindricalspiralcompressionspring.html
0.8x8x32,0.8,8,32,8.5,20,22,0.9,https://www.164580.com/info_95047.html ; https://www.mechtool.cn/spring/spring_cylindricalspiralcompressionspring.html
0.8x8x40,0.8,8,40,10.5,20,25,0.8,https://www.164580.com/info_95047.html ; https://www.mechtool.cn/spring/spring_cylindricalspiralcompressionspring.html
0.8x8x48,0.8,8,48,12.5,20,33,0.6,https://www.164580.com/info_95047.html ; https://www.mechtool.cn/spring/spring_cylindricalspiralcompressionspring.html
1x9x13,1,9,13,2.5,34,6.3,5.4,https://www.164580.com/info_95047.html
1x9x20,1,9,20,4.5,34,11,3,https://www.164580.com/info_95047.html
1x9x29,1,9,29,6.5,34,16,2.1,https://www.164580.com/info_95047.html
1x9x35,1,9,35,8.5,34,21,1.6,https://www.164580.com/info_95047.html
1x9x42,1,9,42,10.5,34,26,1.3,https://www.164580.com/info_95047.html
1x9x48,1,9,48,12.5,34,31,1.1,https://www.164580.com/info_95047.html
1x10x15,1,10,15,2.5,31,7.8,4,https://www.164580.com/info_95047.html
1x10x22,1,10,22,4.5,31,14,2.2,https://www.164580.com/info_95047.html
1x10x35,1,10,35,6.5,31,21,1.5,https://www.164580.com/info_95047.html
1x10x40,1,10,40,8.5,31,26,1.2,https://www.164580.com/info_95047.html
1x10x48,1,10,48,10.5,31,34,0.9,https://www.164580.com/info_95047.html
1x10x58,1,10,58,12.5,31,39,0.8,https://www.164580.com/info_95047.html
1.6x8x11,1.6,8,11,2.5,145,2.8,51,https://www.mechtool.cn/spring/spring_cylindricalspiralcompressionspring.html
1.6x8x17,1.6,8,17,4.5,145,5.2,28,https://www.mechtool.cn/spring/spring_cylindricalspiralcompressionspring.html
1.6x8x22,1.6,8,22,6.5,145,7.6,19,https://www.mechtool.cn/spring/spring_cylindricalspiralcompressionspring.html
1.6x8x28,1.6,8,28,8.5,145,9.7,15,https://www.mechtool.cn/spring/spring_cylindricalspiralcompressionspring.html
1.6x8x35,1.6,8,35,10.5,145,12,12,https://www.mechtool.cn/spring/spring_cylindricalspiralcompressionspring.html
1.6x8x40,1.6,8,40,12.5,145,15,10,https://www.mechtool.cn/spring/spring_cylindricalspiralcompressionspring.html
1.6x9x12,1.6,9,12,2.5,129,3.6,36,https://www.mechtool.cn/spring/spring_cylindricalspiralcompressionspring.html
1.6x9x19,1.6,9,19,4.5,129,6.5,20,https://www.mechtool.cn/spring/spring_cylindricalspiralcompressionspring.html
1.6x9x24,1.6,9,24,6.5,129,9.2,14,https://www.mechtool.cn/spring/spring_cylindricalspiralcompressionspring.html
1.6x9x32,1.6,9,32,8.5,129,13,10,https://www.mechtool.cn/spring/spring_cylindricalspiralcompressionspring.html
1.6x9x38,1.6,9,38,10.5,129,15,8.5,https://www.mechtool.cn/spring/spring_cylindricalspiralcompressionspring.html
1.6x9x45,1.6,9,45,12.5,129,18,7.1,https://www.mechtool.cn/spring/spring_cylindricalspiralcompressionspring.html
1.6x10x13,1.6,10,13,2.5,116,4.5,26,https://www.164580.com/info_95047.html ; https://www.mechtool.cn/spring/spring_cylindricalspiralcompressionspring.html
1.6x10x20,1.6,10,20,4.5,116,8.3,14,https://www.164580.com/info_95047.html ; https://www.mechtool.cn/spring/spring_cylindricalspiralcompressionspring.html
1.6x10x28,1.6,10,28,6.5,116,12,10,https://www.164580.com/info_95047.html ; https://www.mechtool.cn/spring/spring_cylindricalspiralcompressionspring.html
1.6x10x35,1.6,10,35,8.5,116,15,7.6,https://www.164580.com/info_95047.html ; https://www.mechtool.cn/spring/spring_cylindricalspiralcompressionspring.html
1.6x10x42,1.6,10,42,10.5,116,19,6.2,https://www.164580.com/info_95047.html ; https://www.mechtool.cn/spring/spring_cylindricalspiralcompressionspring.html
1.6x10x48,1.6,10,48,12.5,116,22,5.2,https://www.164580.com/info_95047.html ; https://www.mechtool.cn/spring/spring_cylindricalspiralcompressionspring.html
1.6x12x15,1.6,12,15,2.5,97,6.5,15,https://www.164580.com/info_95047.html ; https://www.mechtool.cn/spring/spring_cylindricalspiralcompressionspring.html
1.6x12x24,1.6,12,24,4.5,97,12,8.3,https://www.164580.com/info_95047.html ; https://www.mechtool.cn/spring/spring_cylindricalspiralcompressionspring.html
1.6x12x32,1.6,12,32,6.5,97,17,5.8,https://www.164580.com/info_95047.html ; https://www.mechtool.cn/spring/spring_cylindricalspiralcompressionspring.html
1.6x12x42,1.6,12,42,8.5,97,22,4.4,https://www.164580.com/info_95047.html ; https://www.mechtool.cn/spring/spring_cylindricalspiralcompressionspring.html
1.6x12x50,1.6,12,50,10.5,97,27,3.6,https://www.164580.com/info_95047.html ; https://www.mechtool.cn/spring/spring_cylindricalspiralcompressionspring.html
1.6x12x60,1.6,12,60,12.5,97,32,3,https://www.164580.com/info_95047.html ; https://www.mechtool.cn/spring/spring_cylindricalspiralcompressionspring.html
1.6x14x18,1.6,14,18,2.5,83,8.8,9.4,https://www.164580.com/info_95047.html ; https://www.mechtool.cn/spring/spring_cylindricalspiralcompressionspring.html
1.6x14x28,1.6,14,28,4.5,83,16,5.2,https://www.164580.com/info_95047.html ; https://www.mechtool.cn/spring/spring_cylindricalspiralcompressionspring.html
1.6x14x40,1.6,14,40,6.5,83,23,3.6,https://www.164580.com/info_95047.html ; https://www.mechtool.cn/spring/spring_cylindricalspiralcompressionspring.html
1.6x14x50,1.6,14,50,8.5,83,30,2.8,https://www.164580.com/info_95047.html ; https://www.mechtool.cn/spring/spring_cylindricalspiralcompressionspring.html
1.6x14x60,1.6,14,60,10.5,83,38,2.2,https://www.164580.com/info_95047.html ; https://www.mechtool.cn/spring/spring_cylindricalspiralcompressionspring.html
1.6x14x70,1.6,14,70,12.5,83,44,1.9,https://www.164580.com/info_95047.html ; https://www.mechtool.cn/spring/spring_cylindricalspiralcompressionspring.html
1.6x16x22,1.6,16,22,2.5,73,12,6.3,https://www.164580.com/info_95047.html ; https://www.mechtool.cn/spring/spring_cylindricalspiralcompressionspring.html
1.6x16x36,1.6,16,36,4.5,73,21,3.5,https://www.164580.com/info_95047.html ; https://www.mechtool.cn/spring/spring_cylindricalspiralcompressionspring.html
1.6x16x48,1.6,16,48,6.5,73,30,2.4,https://www.164580.com/info_95047.html ; https://www.mechtool.cn/spring/spring_cylindricalspiralcompressionspring.html
1.6x16x60,1.6,16,60,8.5,73,38,1.9,https://www.164580.com/info_95047.html ; https://www.mechtool.cn/spring/spring_cylindricalspiralcompressionspring.html
1.6x16x70,1.6,16,70,10.5,73,49,1.5,https://www.164580.com/info_95047.html ; https://www.mechtool.cn/spring/spring_cylindricalspiralcompressionspring.html
1.6x16x85,1.6,16,85,12.5,73,56,1.3,https://www.164580.com/info_95047.html ; https://www.mechtool.cn/spring/spring_cylindricalspiralcompressionspring.html
6x30x38,6,30,38,2.5,1605,8,190,https://www.164580.com/info_95047.html
6x30x55,6,30,55,4.5,1605,15,105,https://www.164580.com/info_95047.html
6x30x75,6,30,75,6.5,1605,22,73,https://www.164580.com/info_95047.html
6x30x95,6,30,95,8.5,1605,29,56,https://www.164580.com/info_95047.html
6x30x115,6,30,115,10.5,1605,36,45,https://www.164580.com/info_95047.html
6x30x130,6,30,130,12.5,1605,42,38,https://www.164580.com/info_95047.html
6x32x38,6,32,38,2.5,1505,10,156,https://www.164580.com/info_95047.html
6x32x58,6,32,58,4.5,1505,17,87,https://www.164580.com/info_95047.html
6x32x80,6,32,80,6.5,1505,25,60,https://www.164580.com/info_95047.html
6x32x100,6,32,100,8.5,1505,33,46,https://www.164580.com/info_95047.html
6x32x120,6,32,120,10.5,1505,41,37,https://www.164580.com/info_95047.html
6x32x140,6,32,140,12.5,1505,49,31,https://www.164580.com/info_95047.html
6x35x40,6,35,40,2.5,1376,12,119,https://www.164580.com/info_95047.html
6x35x60,6,35,60,4.5,1376,21,66,https://www.164580.com/info_95047.html
6x35x85,6,35,85,6.5,1376,30,46,https://www.164580.com/info_95047.html
6x35x105,6,35,105,8.5,1376,39,35,https://www.164580.com/info_95047.html
6x35x130,6,35,130,10.5,1376,49,28,https://www.164580.com/info_95047.html
6x35x150,6,35,150,12.5,1376,57,24,https://www.164580.com/info_95047.html
6x38x42,6,38,42,2.5,1267,14,93,https://www.164580.com/info_95047.html
6x38x65,6,38,65,4.5,1267,24,52,https://www.164580.com/info_95047.html
6x38x90,6,38,90,6.5,1267,35,36,https://www.164580.com/info_95047.html
6x38x115,6,38,115,8.5,1267,47,27,https://www.164580.com/info_95047.html
6x38x140,6,38,140,10.5,1267,58,22,https://www.164580.com/info_95047.html
6x38x160,6,38,160,12.5,1267,67,19,https://www.164580.com/info_95047.html
6x40x45,6,40,45,2.5,1204,15,80,https://www.164580.com/info_95047.html
6x40x70,6,40,70,4.5,1204,27,44,https://www.164580.com/info_95047.html
6x40x95,6,40,95,6.5,1204,39,31,https://www.164580.com/info_95047.html
6x40x120,6,40,120,8.5,1204,50,24,https://www.164580.com/info_95047.html
6x40x140,6,40,140,10.5,1204,63,19,https://www.164580.com/info_95047.html
6x40x170,6,40,170,12.5,1204,75,16,https://www.164580.com/info_95047.html
6x45x48,6,45,48,2.5,1070,19,56,https://www.164580.com/info_95047.html
6x45x75,6,45,75,4.5,1070,35,31,https://www.164580.com/info_95047.html
6x45x105,6,45,105,6.5,1070,49,22,https://www.164580.com/info_95047.html
6x45x140,6,45,140,8.5,1070,63,17,https://www.164580.com/info_95047.html
6x45x160,6,45,160,10.5,1070,82,13,https://www.164580.com/info_95047.html
6x45x190,6,45,190,12.5,1070,97,11,https://www.164580.com/info_95047.html
6x50x52,6,50,52,2.5,963,23,41,https://www.164580.com/info_95047.html
6x50x85,6,50,85,4.5,963,42,23,https://www.164580.com/info_95047.html
6x50x120,6,50,120,6.5,963,60,16,https://www.164580.com/info_95047.html
6x50x150,6,50,150,8.5,963,80,12,https://www.164580.com/info_95047.html
6x50x190,6,50,190,10.5,963,98,9.8,https://www.164580.com/info_95047.html
6x50x220,6,50,220,12.5,963,117,8.2,https://www.164580.com/info_95047.html
6x55x58,6,55,58,2.5,876,28,31,https://www.164580.com/info_95047.html
6x55x95,6,55,95,4.5,876,52,17,https://www.164580.com/info_95047.html
6x55x130,6,55,130,6.5,876,73,12,https://www.164580.com/info_95047.html
6x55x170,6,55,170,8.5,876,97,9,https://www.164580.com/info_95047.html
6x55x200,6,55,200,10.5,876,120,7.3,https://www.164580.com/info_95047.html
6x55x240,6,55,240,12.5,876,141,6.2,https://www.164580.com/info_95047.html
6x60x65,6,60,65,2.5,803,33,24,https://www.164580.com/info_95047.html
6x60x105,6,60,105,4.5,803,62,13,https://www.164580.com/info_95047.html
6x60x150,6,60,150,6.5,803,88,9.1,https://www.164580.com/info_95047.html
6x60x190,6,60,190,8.5,803,115,7,https://www.164580.com/info_95047.html
6x60x240,6,60,240,10.5,803,143,5.6,https://www.164580.com/info_95047.html
6x60x280,6,60,280,12.5,803,171,4.7,https://www.164580.com/info_95047.html
10x40x56,10,40,56,2.5,5181,8,617,https://www.164580.com/info_95047.html
10x40x80,10,40,80,4.5,5181,15,343,https://www.164580.com/info_95047.html
10x40x110,10,40,110,6.5,5181,22,237,https://www.164580.com/info_95047.html
10x40x140,10,40,140,8.5,5181,28,182,https://www.164580.com/info_95047.html
10x40x160,10,40,160,10.5,5181,35,147,https://www.164580.com/info_95047.html
10x40x190,10,40,190,12.5,5181,42,123,https://www.164580.com/info_95047.html
10x45x58,10,45,58,2.5,4605,11,433,https://www.164580.com/info_95047.html
10x45x85,10,45,85,4.5,4605,19,241,https://www.164580.com/info_95047.html
10x45x115,10,45,115,6.5,4605,28,167,https://www.164580.com/info_95047.html
10x45x140,10,45,140,8.5,4605,36,127,https://www.164580.com/info_95047.html
10x45x170,10,45,170,10.5,4605,45,103,https://www.164580.com/info_95047.html
10x45x200,10,45,200,12.5,4605,53,87,https://www.164580.com/info_95047.html
10x50x61,10,50,61,2.5,4145,13,316,https://www.164580.com/info_95047.html
10x50x90,10,50,90,4.5,4145,24,176,https://www.164580.com/info_95047.html
10x50x120,10,50,120,6.5,4145,34,122,https://www.164580.com/info_95047.html
10x50x150,10,50,150,8.5,4145,45,93,https://www.164580.com/info_95047.html
10x50x190,10,50,190,10.5,4145,55,75,https://www.164580.com/info_95047.html
10x50x220,10,50,220,12.5,4145,66,63,https://www.164580.com/info_95047.html
10x55x64,10,55,64,2.5,3768,16,237,https://www.164580.com/info_95047.html
10x55x95,10,55,95,4.5,3768,29,132,https://www.164580.com/info_95047.html
10x55x130,10,55,130,6.5,3768,41,91,https://www.164580.com/info_95047.html
10x55x170,10,55,170,8.5,3768,54,70,https://www.164580.com/info_95047.html
10x55x200,10,55,200,10.5,3768,66,57,https://www.164580.com/info_95047.html
10x55x240,10,55,240,12.5,3768,80,47,https://www.164580.com/info_95047.html
10x60x68,10,60,68,2.5,3454,19,183,https://www.164580.com/info_95047.html
10x60x105,10,60,105,4.5,3454,34,102,https://www.164580.com/info_95047.html
10x60x140,10,60,140,6.5,3454,49,70,https://www.164580.com/info_95047.html
10x60x180,10,60,180,8.5,3454,64,54,https://www.164580.com/info_95047.html
10x60x210,10,60,210,10.5,3454,79,44,https://www.164580.com/info_95047.html
10x60x260,10,60,260,12.5,3454,93,37,https://www.164580.com/info_95047.html
10x65x72,10,65,72,2.5,3188,22,144,https://www.164580.com/info_95047.html
10x65x110,10,65,110,4.5,3188,40,80,https://www.164580.com/info_95047.html
10x65x150,10,65,150,6.5,3188,58,55,https://www.164580.com/info_95047.html
10x65x190,10,65,190,8.5,3188,76,42,https://www.164580.com/info_95047.html
10x65x220,10,65,220,10.5,3188,94,34,https://www.164580.com/info_95047.html
10x65x260,10,65,260,12.5,3188,110,29,https://www.164580.com/info_95047.html
10x70x75,10,70,75,2.5,2961,26,115,https://www.164580.com/info_95047.html
10x70x115,10,70,115,4.5,2961,46,64,https://www.164580.com/info_95047.html
10x70x160,10,70,160,6.5,2961,67,44,https://www.164580.com/info_95047.html
10x70x200,10,70,200,8.5,2961,87,34,https://www.164580.com/info_95047.html
10x70x240,10,70,240,10.5,2961,110,27,https://www.164580.com/info_95047.html
10x70x280,10,70,280,12.5,2961,129,23,https://www.164580.com/info_95047.html
10x75x80,10,75,80,2.5,2763,29,94,https://www.164580.com/info_95047.html
10x75x120,10,75,120,4.5,2763,53,52,https://www.164580.com/info_95047.html
10x75x170,10,75,170,6.5,2763,77,36,https://www.164580.com/info_95047.html
10x75x220,10,75,220,8.5,2763,99,28,https://www.164580.com/info_95047.html
10x75x260,10,75,260,10.5,2763,126,22,https://www.164580.com/info_95047.html
10x75x300,10,75,300,12.5,2763,145,19,https://www.164580.com/info_95047.html
