首次出现章,中文,English,备注
1,物理学,physics,
1,模型,model,
1,近似,approximation,
1,国际单位制,International System of Units (SI),
1,基本单位,base unit,
1,导出单位,derived unit,
1,定义常数,defining constant,
1,量纲,dimension,
1,量纲分析,dimensional analysis,
1,数量级,order of magnitude,
1,费米问题,Fermi problem,
1,有效数字,significant figures,
1,测量,measurement,
1,不确定度,uncertainty,
1,标准不确定度,standard uncertainty,
1,扩展不确定度,expanded uncertainty,
1,A 类评定,Type A evaluation,
1,B 类评定,Type B evaluation,
1,合成标准不确定度,combined standard uncertainty,
1,不确定度传递,propagation of uncertainty,
1,系统误差,systematic error,
1,随机误差,random error,
1,准确度,accuracy,
1,精密度,precision,
1,最小二乘,least squares,
1,线性拟合,linear fit,
1,游标卡尺,vernier caliper,
1,螺旋测微器,micrometer,
2,标量,scalar,
2,矢量,vector,
2,分量,component,
2,单位矢量,unit vector,
2,矢量加法,vector addition,
2,平行四边形定则,parallelogram rule,
2,点积,dot product,
2,叉积,cross product,
2,右手定则,right-hand rule,
2,直角坐标,Cartesian coordinates,
2,极坐标,polar coordinates,
2,柱面坐标,cylindrical coordinates,
2,球面坐标,spherical coordinates,
2,位置矢量,position vector,
2,方向余弦,direction cosine,
3,导数,derivative,
3,变化率,rate of change,
3,瞬时变化率,instantaneous rate of change,
3,积分,integral,
3,定积分,definite integral,
3,不定积分,indefinite integral,
3,原函数,antiderivative,
3,微积分基本定理,fundamental theorem of calculus,
3,微分方程,differential equation,
3,初始条件,initial condition,
3,泰勒展开,Taylor expansion,
3,小角近似,small-angle approximation,
3,偏导数,partial derivative,
3,梯度,gradient,
3,数值微分,numerical differentiation,
3,数值积分,numerical integration,
4,运动学,kinematics,
4,参考系,reference frame,
4,质点,particle,
4,位移,displacement,与《线性代数》中的“位移”（shift，平移）含义不同
4,路程,distance travelled,
4,速度,velocity,
4,速率,speed,
4,平均速度,average velocity,
4,瞬时速度,instantaneous velocity,
4,加速度,acceleration,
4,匀加速直线运动,uniformly accelerated linear motion,
4,自由落体,free fall,
4,重力加速度,acceleration due to gravity,
4,加加速度,jerk,
4,梯形速度曲线,trapezoidal velocity profile,
4,S 形速度曲线,S-curve velocity profile,
4,运动规划,motion planning,
5,抛体运动,projectile motion,
5,射程,range,
5,圆周运动,circular motion,
5,匀速圆周运动,uniform circular motion,
5,角位移,angular displacement,
5,角速度,angular velocity,
5,角加速度,angular acceleration,
5,周期,period,
5,频率,frequency,
5,向心加速度,centripetal acceleration,
5,切向加速度,tangential acceleration,
5,法向加速度,normal acceleration,
5,曲率半径,radius of curvature,
5,自然坐标,natural (path) coordinates,
5,相对运动,relative motion,
5,伽利略变换,Galilean transformation,
5,相对速度,relative velocity,
6,动力学,dynamics,
6,力,force,
6,相互作用,interaction,
6,基本相互作用,fundamental interaction,
6,万有引力相互作用,gravitational interaction,
6,电磁相互作用,electromagnetic interaction,
6,强相互作用,strong interaction,
6,弱相互作用,weak interaction,
6,接触力,contact force,
6,合力,net force,
6,惯性,inertia,
6,惯性参考系,inertial reference frame,
6,牛顿第一定律,Newton's first law,
6,牛顿第二定律,Newton's second law,
6,牛顿第三定律,Newton's third law,
6,作用力与反作用力,action and reaction,
6,质量,mass,
6,惯性质量,inertial mass,
6,引力质量,gravitational mass,
6,重力,gravity; gravitational force,
6,重量,weight,
6,支持力,normal force,
6,张力,tension,
6,弹簧力,spring force,
6,胡克定律,Hooke's law,
6,劲度系数,spring constant; stiffness,
6,受力图,free-body diagram,
6,隔离法,isolation method,
6,连接体,connected bodies,
6,牛顿,newton,
6,力传感器,force sensor,
6,六维力传感器,six-axis force/torque sensor,
6,等效原理,equivalence principle,
6,串联弹性驱动器,series elastic actuator (SEA),
6,失重,weightlessness,
6,超重,apparent weight increase,
6,视重,apparent weight,
7,摩擦力,friction force,
7,静摩擦,static friction,
7,动摩擦,kinetic friction,
7,静摩擦因数,coefficient of static friction,
7,动摩擦因数,coefficient of kinetic friction,
7,摩擦角,angle of friction,
7,阻力,drag force,
7,流体阻力,fluid drag,
7,终端速度,terminal velocity,
7,向心力,centripetal force,
7,非惯性参考系,non-inertial reference frame,
7,惯性力,inertial force,
7,离心力,centrifugal force,
7,科里奥利力,Coriolis force,
7,科氏加速度,Coriolis acceleration,
7,夹紧力,gripping force,
8,数值方法,numerical method,
8,欧拉法,Euler method,
8,半隐式欧拉法,semi-implicit Euler method,
8,龙格-库塔法,Runge-Kutta method,
8,步长,step size; time step,
8,截断误差,truncation error,
8,数值稳定性,numerical stability,
8,刚性方程,stiff equation,
8,相平面,phase plane,
8,物理引擎,physics engine,
8,辛积分,symplectic integration,
9,功,work,
9,恒力,constant force,
9,变力,variable force,
9,线积分,line integral,
9,动能,kinetic energy,
9,动能定理,work-energy theorem,
9,功率,power,
9,效率,efficiency,
9,焦耳,joule,
9,瓦特,watt,
9,减速器,speed reducer; gearbox; gear reducer,
10,保守力,conservative force,
10,非保守力,non-conservative force,
10,势能,potential energy,
10,重力势能,gravitational potential energy,
10,弹性势能,elastic potential energy,
10,势能曲线,potential energy curve,
10,平衡位置,equilibrium position,
10,稳定平衡,stable equilibrium,
10,不稳定平衡,unstable equilibrium,
10,机械能,mechanical energy,
10,机械能守恒,conservation of mechanical energy,
10,能量守恒定律,law of conservation of energy,
10,回馈制动,regenerative braking,
6,动量,momentum,
11,冲量,impulse,
11,动量定理,impulse-momentum theorem,
11,动量守恒,conservation of momentum,
11,碰撞,collision,
11,弹性碰撞,elastic collision,
11,非弹性碰撞,inelastic collision,
11,完全非弹性碰撞,perfectly inelastic collision,
11,恢复系数,coefficient of restitution,
11,质心,center of mass (CoM),
11,质心系,center-of-mass frame,
11,质心运动定理,center-of-mass theorem,
11,变质量系统,variable-mass system,
11,火箭方程,rocket equation,
11,推力,thrust,
12,刚体,rigid body,
12,定轴转动,fixed-axis rotation,
12,转动动能,rotational kinetic energy,
12,转动惯量,moment of inertia,
12,平行轴定理,parallel-axis theorem,
12,回转半径,radius of gyration,
12,力矩,torque; moment of force; moment,
12,力臂,lever arm,
12,转动定律,rotational form of Newton's second law,
12,滚动,rolling,
12,纯滚动,rolling without slipping,
12,惯量匹配,inertia matching,
12,传动比,gear ratio,
13,角动量,angular momentum,
13,角动量守恒,conservation of angular momentum,
13,角动量定理,angular momentum theorem,
13,陀螺,gyroscope,
13,进动,precession,
13,章动,nutation,
13,惯量张量,inertia tensor,
13,反扭矩,reaction torque,
14,静力平衡,static equilibrium,
14,重心,center of gravity,
14,倾覆,tipping,
14,应力,stress,
14,应变,strain,
14,弹性模量,elastic modulus,
14,杨氏模量,Young's modulus,
14,剪切模量,shear modulus,
14,体积模量,bulk modulus,
14,泊松比,Poisson's ratio,
14,弹性极限,elastic limit,
14,屈服强度,yield strength,
14,抗拉强度,tensile strength,
14,拉伸试验,tensile test,
15,万有引力定律,Newton's law of universal gravitation,
15,引力常量,gravitational constant,
15,引力场,gravitational field,
15,引力势能,gravitational potential energy (universal),
15,逃逸速度,escape velocity,
15,开普勒定律,Kepler's laws,
15,椭圆轨道,elliptical orbit,
15,第一宇宙速度,orbital velocity (first cosmic velocity),
15,同步卫星,geostationary satellite,
15,潮汐,tide,
15,广义相对论,general relativity,
16,流体,fluid,
16,压强,pressure,
16,帕斯卡原理,Pascal's principle,
16,帕斯卡,pascal,
16,大气压,atmospheric pressure,
16,表压,gauge pressure,
16,浮力,buoyant force,
16,阿基米德原理,Archimedes' principle,
16,流线,streamline,
16,流管,flow tube,
16,连续性方程,continuity equation,
16,体积流量,volume flow rate,
16,伯努利方程,Bernoulli's equation,
16,黏性,viscosity,
16,泊肃叶定律,Poiseuille's law,
16,雷诺数,Reynolds number,
16,层流,laminar flow,
16,湍流,turbulent flow,
16,真空吸盘,vacuum suction cup,
17,约束,constraint,
17,广义坐标,generalized coordinates,
17,自由度,degree of freedom (DOF),
17,虚位移,virtual displacement,
17,虚功原理,principle of virtual work,
17,拉格朗日函数,Lagrangian,
17,拉格朗日方程,Lagrange's equations,
17,作用量,action,
17,哈密顿原理,Hamilton's principle,
17,混沌,chaos,
17,双摆,double pendulum,
18,振动,oscillation,
18,简谐运动,simple harmonic motion,
18,振幅,amplitude,
18,角频率,angular frequency,
18,相位,phase,
18,初相,initial phase,
18,弹簧振子,spring-mass oscillator,
18,单摆,simple pendulum,
18,复摆,physical pendulum,
18,旋转矢量,rotating vector (phasor),
18,阻尼振动,damped oscillation,
18,阻尼比,damping ratio,
18,欠阻尼,underdamped,
18,临界阻尼,critically damped,
18,过阻尼,overdamped,
18,受迫振动,forced oscillation,
18,共振,resonance,
18,固有频率,natural frequency,
18,品质因数,quality factor,
18,拍,beats,
19,机械波,mechanical wave,
19,横波,transverse wave,
19,纵波,longitudinal wave,
19,波长,wavelength,
19,波速,wave speed,
19,波数,wave number,
19,简谐波,harmonic wave,
19,波动方程,wave equation,
19,波的能量,wave energy,
19,反射,reflection,
19,透射,transmission,
19,波阻抗,wave impedance,
20,声波,sound wave,
20,声速,speed of sound,
20,声强,sound intensity,
20,声强级,sound intensity level,
20,分贝,decibel,
20,多普勒效应,Doppler effect,
20,冲击波,shock wave,
20,马赫数,Mach number,
20,超声波,ultrasound,
20,超声测距,ultrasonic ranging,
21,叠加原理,superposition principle,
21,干涉,interference,
21,相干,coherence,
21,驻波,standing wave,
21,波节,node,
21,波腹,antinode,
21,简正模式,normal mode,
21,基频,fundamental frequency,
21,谐波,harmonic,
21,傅里叶分析,Fourier analysis,
21,频谱,spectrum,
22,温度,temperature,
22,热平衡,thermal equilibrium,
22,热力学第零定律,zeroth law of thermodynamics,
22,温标,temperature scale,
22,热力学温标,thermodynamic temperature scale,
22,热膨胀,thermal expansion,
22,线膨胀系数,coefficient of linear expansion,
22,热量,heat,
22,比热容,specific heat capacity,
22,热容,heat capacity,
22,相变,phase transition,
22,潜热,latent heat,
22,热传导,heat conduction,
22,对流,convection,
22,热辐射,thermal radiation,
22,热导率,thermal conductivity,
22,热阻,thermal resistance,
22,温升,temperature rise,
22,降额,derating,
23,理想气体,ideal gas,
23,理想气体状态方程,ideal gas law,
23,物质的量,amount of substance,
23,摩尔,mole,
23,阿伏加德罗常数,Avogadro constant,
23,玻尔兹曼常数,Boltzmann constant,
23,摩尔气体常数,molar gas constant,
23,气体动理论,kinetic theory of gases,
23,方均根速率,root-mean-square speed,
23,能量均分定理,equipartition theorem,
23,内能,internal energy,
23,麦克斯韦速率分布,Maxwell speed distribution,
23,平均自由程,mean free path,
23,范德瓦耳斯方程,van der Waals equation,
23,分子动力学,molecular dynamics,
24,热力学系统,thermodynamic system,
24,准静态过程,quasi-static process,
24,热力学第一定律,first law of thermodynamics,
24,等容过程,isochoric process,
24,等压过程,isobaric process,
24,等温过程,isothermal process,
24,绝热过程,adiabatic process,
24,摩尔热容,molar heat capacity,
24,比热容比,heat capacity ratio,
24,循环过程,cyclic process,
25,热机,heat engine,
25,热机效率,thermal efficiency,
25,制冷机,refrigerator,
25,热泵,heat pump,
25,制冷系数,coefficient of performance,
25,热力学第二定律,second law of thermodynamics,
25,卡诺循环,Carnot cycle,
25,卡诺定理,Carnot's theorem,
25,可逆过程,reversible process,
25,不可逆过程,irreversible process,
25,熵,entropy,
25,熵增原理,principle of entropy increase,
25,微观状态,microstate,
25,奥托循环,Otto cycle,
26,电荷,electric charge,
26,电荷守恒,conservation of charge,
26,元电荷,elementary charge,
26,导体,conductor,
26,绝缘体,insulator,
26,库仑定律,Coulomb's law,
26,电场,electric field,
26,电场强度,electric field strength,
26,电场线,electric field line,
26,电偶极子,electric dipole,
26,电偶极矩,electric dipole moment,
26,静电吸附,electroadhesion,
27,电通量,electric flux,
27,高斯定律,Gauss's law,
27,高斯面,Gaussian surface,
27,静电平衡,electrostatic equilibrium,
27,静电屏蔽,electrostatic shielding,
28,电势能,electric potential energy,
28,电势,electric potential,
28,电势差,potential difference,
28,电压,voltage,
28,等势面,equipotential surface,
28,尖端放电,point discharge,
28,静电放电,electrostatic discharge (ESD),
29,电容器,capacitor,
29,电容,capacitance,
29,电场能量,electric field energy,
29,电介质,dielectric,
29,相对电容率,relative permittivity,
29,极化,polarization,
29,电容式传感器,capacitive sensor,
30,电流,electric current; current,
30,电流密度,current density,
30,电阻,resistance,
30,电阻率,resistivity,
30,欧姆定律,Ohm's law,
30,漂移速度,drift velocity,
30,超导,superconductivity,
30,焦耳热,Joule heating,
30,应变片,strain gauge,
31,电动势,electromotive force (emf),
31,内阻,internal resistance,
31,串联,series connection,
31,并联,parallel connection,
31,基尔霍夫定律,Kirchhoff's laws,
31,RC 电路,RC circuit,
31,时间常数,time constant,
31,电流表,ammeter,
31,电压表,voltmeter,
31,电池组,battery pack,
32,磁场,magnetic field,
32,磁感应强度,magnetic flux density,
32,洛伦兹力,Lorentz force,
32,安培力,Ampère force,
32,磁矩,magnetic moment,
32,直流电机,DC motor,
32,霍尔效应,Hall effect,
32,霍尔传感器,Hall sensor,
32,质谱仪,mass spectrometer,
32,回旋加速器,cyclotron,
33,毕奥-萨伐尔定律,Biot-Savart law,
33,安培环路定理,Ampère's circuital law,
33,螺线管,solenoid,
33,磁通量,magnetic flux,
33,磁介质,magnetic material,
33,铁磁性,ferromagnetism,
33,永磁体,permanent magnet,
33,电磁铁,electromagnet,
34,电磁感应,electromagnetic induction,
34,法拉第电磁感应定律,Faraday's law of induction,
34,楞次定律,Lenz's law,
34,感应电动势,induced emf,
34,动生电动势,motional emf,
34,感生电动势,transformer emf,与感应电动势（induced emf）区分
34,感生电场,induced electric field,
34,涡流,eddy current,
34,发电机,generator,
34,反电动势,back emf; back electromotive force (back-EMF),
34,动态制动,dynamic braking,
34,无线充电,wireless charging,
34,透入深度,skin depth; penetration depth,
34,电感式接近开关,inductive proximity sensor,
34,线性可变差动变压器,linear variable differential transformer (LVDT),
34,旋转变压器,resolver,
34,耦合系数,coupling coefficient,
35,自感,self-inductance,
35,电感,inductance,
35,RL 电路,RL circuit,
35,磁场能量,magnetic field energy,
35,互感,mutual inductance,
35,变压器,transformer,
35,LC 振荡,LC oscillation,
35,RLC 电路,RLC circuit,
35,脉宽调制,pulse-width modulation (PWM),
35,电流纹波,current ripple,
36,交流电,alternating current (AC),
36,有效值,root-mean-square value (RMS),
36,感抗,inductive reactance,
36,容抗,capacitive reactance,
36,阻抗,impedance,
36,相量,phasor,
36,串联谐振,series resonance,
36,功率因数,power factor,
36,滤波器,filter,
37,位移电流,displacement current,
37,麦克斯韦方程组,Maxwell's equations,
37,电磁波,electromagnetic wave,
37,平面电磁波,plane electromagnetic wave,
37,坡印亭矢量,Poynting vector,
37,辐射压,radiation pressure,
37,电磁波谱,electromagnetic spectrum,
37,天线,antenna,
38,光速,speed of light,
38,几何光学,geometrical optics,
38,反射定律,law of reflection,
38,折射定律,law of refraction (Snell's law),
38,折射率,refractive index,
38,惠更斯原理,Huygens' principle,
38,色散,dispersion,
38,全反射,total internal reflection,
38,临界角,critical angle,
38,光纤,optical fiber,
39,成像,image formation,
39,实像,real image,
39,虚像,virtual image,
39,焦距,focal length,
39,薄透镜,thin lens,
39,放大率,magnification,
39,像差,aberration,
39,景深,depth of field,
39,视场角,field of view,
39,小孔相机模型,pinhole camera model,
40,相干光,coherent light,
40,双缝干涉,double-slit interference,
40,光程,optical path length,
40,光程差,optical path difference,
40,薄膜干涉,thin-film interference,
40,迈克耳孙干涉仪,Michelson interferometer,
40,激光干涉仪,laser interferometer,
41,衍射,diffraction,
41,单缝衍射,single-slit diffraction,
41,分辨本领,resolving power,
41,瑞利判据,Rayleigh criterion,
41,衍射光栅,diffraction grating,
41,偏振,polarization (of light),
41,马吕斯定律,Malus's law,
41,布儒斯特角,Brewster's angle,
42,狭义相对论,special relativity,
42,相对性原理,principle of relativity,
42,光速不变原理,constancy of the speed of light,
42,同时的相对性,relativity of simultaneity,
42,时间延缓,time dilation,
42,长度收缩,length contraction,
42,固有时,proper time,
42,洛伦兹变换,Lorentz transformation,
42,洛伦兹因子,Lorentz factor,
42,静能,rest energy,
42,质能关系,mass-energy relation,
43,黑体辐射,blackbody radiation,
43,普朗克常量,Planck constant,
43,光电效应,photoelectric effect,
43,逸出功,work function,
43,康普顿效应,Compton effect,
43,光子,photon,
43,德布罗意波,de Broglie wave,
43,物质波,matter wave,
43,波粒二象性,wave-particle duality,
43,不确定关系,uncertainty principle,
43,光电二极管,photodiode,
44,量子力学,quantum mechanics,
44,波函数,wave function,
44,概率密度,probability density,
44,归一化,normalization,
44,薛定谔方程,Schrödinger equation,
44,定态,stationary state,
44,能级,energy level,
44,本征值,eigenvalue,
44,本征函数,eigenfunction,
44,量子数,quantum number,
44,对应原理,correspondence principle,
44,无限深势阱,infinite square well,
44,有限深势阱,finite square well,
44,势垒,potential barrier,
44,隧道效应,quantum tunneling,
44,透射系数,transmission coefficient,
44,量子谐振子,quantum harmonic oscillator,
44,零点能,zero-point energy,
44,扫描隧道显微镜,scanning tunneling microscope (STM),
44,波包,wave packet,
45,原子光谱,atomic spectrum,
45,玻尔模型,Bohr model,
45,电子自旋,electron spin,
45,泡利不相容原理,Pauli exclusion principle,
45,激光,laser,
45,受激辐射,stimulated emission,
46,分子键,molecular bond,
46,晶体,crystal,
46,能带,energy band,
46,半导体,semiconductor,
46,PN 结,p-n junction,
46,二极管,diode,
46,发光二极管,light-emitting diode (LED),
46,晶体管,transistor,
47,原子核,atomic nucleus,
47,核子,nucleon,
47,结合能,binding energy,
47,放射性,radioactivity,
47,衰变,decay,
47,半衰期,half-life,
47,衰变常量,decay constant,
47,核反应,nuclear reaction,
48,核裂变,nuclear fission,
48,核聚变,nuclear fusion,
48,吸收剂量,absorbed dose,
48,当量剂量,equivalent dose,
49,基本粒子,elementary particle,
49,夸克,quark,
49,轻子,lepton,
49,标准模型,Standard Model,
49,希格斯玻色子,Higgs boson,
49,哈勃定律,Hubble's law,
49,暗物质,dark matter,
49,暗能量,dark energy,
6,理想绳,ideal string,
6,理想滑轮,ideal pulley,
6,整体法,whole-system method,
6,约束力,constraint force,
6,阿特伍德机,Atwood machine,
6,惯性定律,law of inertia,
6,恒星日,sidereal day,
