size,ratios,T0_Nm,N0_rpm,K_h,TS1_Nm,TS2_Nm,NS0_rpm,NS1_rpm,backlash_arcmin,lost_motion_arcmin,OD_mm,A_mm,mass_kg,src_url,src_page
RV-25N,"41, 81, 107.66, 126, 137, 164.07",245,15,6000,612,1225,57,110,1.0,1.0,133,62,3.8,https://www.nabtesco.de/fileadmin/04_Service/05_Downloads/01_Produktkataloge/RV-N_catalogue_EN.pdf ; https://www.nabtesco.de/en/products/cycloidal-gears/rv-n ; https://www.nabtesco.de/en/product/rv-25n,9
RV-42N,"41, 81, 105, 126, 141, 164.07",412,15,6000,1029,2058,52,100,1.0,1.0,159,65.5,6.3,https://www.nabtesco.de/fileadmin/04_Service/05_Downloads/01_Produktkataloge/RV-N_catalogue_EN.pdf ; https://www.nabtesco.de/en/products/cycloidal-gears/rv-n ; https://www.nabtesco.de/en/product/rv-42n,9
RV-60N,"41, 81, 102.17, 121, 145.61, 161",600,15,6000,1500,3000,44,94,1.0,1.0,183,69.5,8.9,https://www.nabtesco.de/fileadmin/04_Service/05_Downloads/01_Produktkataloge/RV-N_catalogue_EN.pdf ; https://www.nabtesco.de/en/products/cycloidal-gears/rv-n ; https://www.nabtesco.de/en/product/rv-60n,9
RV-80N,"41, 81, 101, 129, 141, 171",784,15,6000,1960,3920,40,88,1.0,1.0,189,74,9.3,https://www.nabtesco.de/fileadmin/04_Service/05_Downloads/01_Produktkataloge/RV-N_catalogue_EN.pdf ; https://www.nabtesco.de/en/products/cycloidal-gears/rv-n ; https://www.nabtesco.de/en/product/rv-80n,9
RV-100N,"41, 81, 102.17, 121, 141, 161",1000,15,6000,2500,5000,35,83,1.0,1.0,208,80,13.0,https://www.nabtesco.de/fileadmin/04_Service/05_Downloads/01_Produktkataloge/RV-N_catalogue_EN.pdf ; https://www.nabtesco.de/en/products/cycloidal-gears/rv-n ; https://www.nabtesco.de/en/product/rv-100n,9
RV-125N,"41, 81, 102.17, 121, 145.61, 161",1225,15,6000,3062,6125,35,79,1.0,1.0,221,80,13.9,https://www.nabtesco.de/fileadmin/04_Service/05_Downloads/01_Produktkataloge/RV-N_catalogue_EN.pdf ; https://www.nabtesco.de/en/products/cycloidal-gears/rv-n ; https://www.nabtesco.de/en/product/rv-125n,9
RV-160N,"41, 81, 102.81, 125.21, 156, 201",1600,15,6000,4000,8000,19,,1.0,1.0,238,104,22.1,https://www.nabtesco.de/fileadmin/04_Service/05_Downloads/01_Produktkataloge/RV-N_catalogue_EN.pdf ; https://www.nabtesco.de/en/products/cycloidal-gears/rv-n ; https://www.nabtesco.de/en/product/rv-160n,9
RV-380N,"75, 93, 117, 139, 162, 185",3724,15,6000,9310,18620,11.5,27,1.0,1.0,295,131,44,https://www.nabtesco.de/fileadmin/04_Service/05_Downloads/01_Produktkataloge/RV-N_catalogue_EN.pdf ; https://www.nabtesco.de/en/products/cycloidal-gears/rv-n ; https://www.nabtesco.de/en/product/rv-380n,9
RV-500N,"81, 105, 123, 144, 159, 192.75",4900,15,6000,12250,24500,11,25,1.0,1.0,325,137.5,57.2,https://www.nabtesco.de/fileadmin/04_Service/05_Downloads/01_Produktkataloge/RV-N_catalogue_EN.pdf ; https://www.nabtesco.de/en/products/cycloidal-gears/rv-n ; https://www.nabtesco.de/en/product/rv-500n,9
RV-700N,"105, 118, 142.44, 159, 183, 203.52",7000,15,6000,17500,35000,7.5,19,1.0,1.0,395,170,102.0,https://www.nabtesco.de/fileadmin/04_Service/05_Downloads/01_Produktkataloge/RV-N_catalogue_EN.pdf ; https://www.nabtesco.de/en/products/cycloidal-gears/rv-n ; https://www.nabtesco.de/en/product/rv-700n,9
